2018-19,,,,,,,,2017-18,,,,,,,,2016-17,,,,,,
2-hourly mean daily temperature,,,,,,,,2-hourly mean daily temperature,,,,,,,,2-hourly mean daily temperature,,,,,,
,Upper,,,Lower,,,,,Upper,,,Lower,,,,,Upper,,,Lower,,
Date,Min,Mean,Max,Min,Mean,Max,,Date,Min,Mean,Max,Min,Mean,Max,,Date,Min,Mean,Max,Min,Mean,Max
1/11/2018,15.699,16.602,17.699,14.53,16.908,17.948,,1/11/2017,15.086,16.284,17.112,15.301,16.333,17.756,,1/11/2016,13.939,14.565,15.588,10.986,14.057,15.497
2/11/2018,14.979,16.333,17.586,12.235,16.167,18.258,,2/11/2017,14.945,15.99,16.754,14.245,15.674,16.449,,2/11/2016,13.772,14.145,14.911,12.043,13.736,14.454
3/11/2018,13.233,14.282,15.419,11.744,13.729,15.327,,3/11/2017,13.44,15.046,16.367,11.126,14.475,16.26,,3/11/2016,13.727,14.05,14.348,11.955,14.228,15.448
4/11/2018,13.047,13.782,14.465,12.365,13.42,14.077,,4/11/2017,13.527,14.445,15.477,11.658,13.908,14.998,,4/11/2016,13.969,14.688,15.939,11.826,14.496,17.234
5/11/2018,14.504,15.117,15.961,14.577,15.703,17.829,,5/11/2017,14.433,15.207,16.643,12.515,14.956,16.951,,5/11/2016,12.958,13.57,14.31,12.007,13.321,14.556
6/11/2018,13.48,14.467,15.334,12.658,14.657,16.319,,6/11/2017,14.454,15.217,16.104,13.237,15.07,16.721,,6/11/2016,13.464,13.885,14.474,12.411,13.411,14.393
7/11/2018,13.18,14.22,15.386,11.234,13.901,15.8,,7/11/2017,14.295,14.998,15.854,13.422,15.749,17.694,,7/11/2016,12.762,13.262,13.815,11.427,13.299,14.357
8/11/2018,13.49,14.129,15.002,12.732,14.085,15.181,,8/11/2017,15.407,16.197,16.925,13.607,16.428,18.668,,8/11/2016,13.204,13.714,14.074,11.717,13.671,15.428
9/11/2018,14.107,14.532,15.686,13.632,14.593,15.475,,9/11/2017,16.073,16.989,17.624,15.474,17.166,19.79,,9/11/2016,13.829,15.022,15.986,14.084,15.389,17.391
10/11/2018,14.824,15.356,16.025,13.932,15.61,16.982,,10/11/2017,17.112,18.322,19.589,17.254,18.726,21.65,,10/11/2016,14.803,15.458,16.233,14.67,15.636,17.024
11/11/2018,16.061,16.847,18.331,15.044,16.579,18.473,,11/11/2017,18.033,18.951,19.565,17.832,19.094,21.658,,11/11/2016,15.825,16.198,16.867,15.436,16.322,18.207
12/11/2018,16.671,17.078,17.43,16.136,17.254,18.555,,12/11/2017,18.159,19.431,20.102,18.472,19.703,21.41,,12/11/2016,15.245,15.97,17.046,14.72,15.688,17.473
13/11/2018,17.075,17.502,17.948,17.16,17.976,19.331,,13/11/2017,19.422,20.246,21.189,18.724,20.309,22.165,,13/11/2016,13.94,14.491,15.092,12.97,14.144,15.053
14/11/2018,16.436,16.826,17.419,15.49,16.572,17.816,,14/11/2017,18.756,20.13,22.211,18.303,20.38,23.343,,14/11/2016,13.784,14.541,15.345,12.688,14.725,15.621
15/11/2018,15.937,16.644,17.157,15.624,16.397,17.176,,15/11/2017,19.074,19.999,21.582,19.01,20.336,22.185,,15/11/2016,14.701,15.296,16.485,14.508,15.81,18.762
16/11/2018,15.618,16.247,17.017,14.8,15.879,16.912,,16/11/2017,17.721,18.407,19.092,16.629,17.971,19.405,,16/11/2016,15.222,16.386,17.855,14.287,16.172,18.712
17/11/2018,16.041,16.757,17.724,16.227,16.914,18.299,,17/11/2017,19.636,20.399,22.322,18.425,20.463,23.304,,17/11/2016,16.598,17.539,19.272,14.042,17.786,20.22
18/11/2018,17.335,18.228,20.218,17.045,18.151,18.934,,18/11/2017,20.171,21.084,22.861,19.467,21.585,24.631,,18/11/2016,16.325,17.252,18.414,13.604,17.237,19.969
19/11/2018,18.201,19.032,20.424,17.497,18.844,21.337,,19/11/2017,21.035,22.146,23.624,20.175,22.456,25.278,,19/11/2016,17.041,17.72,18.881,15.447,18.036,19.977
20/11/2018,18.188,18.637,19.412,17.547,17.826,18.131,,20/11/2017,21.582,22.84,24.072,20.419,22.842,25.289,,20/11/2016,17.858,18.733,19.947,17.287,19.079,20.8
21/11/2018,17.246,17.807,19.069,16.646,17.566,18.679,,21/11/2017,22.013,23.284,24.399,19.979,22.906,24.831,,21/11/2016,18.252,18.663,19.177,16.208,18.655,20.066
22/11/2018,15.928,16.471,17.265,15.388,16.186,16.747,,22/11/2017,22.303,23.777,25.411,20.488,22.907,24.905,,22/11/2016,17.487,18.311,18.974,16.869,18.373,19.226
23/11/2018,15.124,15.854,16.632,15.004,15.767,16.344,,23/11/2017,22.606,23.336,24.124,20.534,22.952,24.861,,23/11/2016,15.738,16.782,17.659,14.188,15.784,17.412
24/11/2018,15.573,15.952,16.565,15.424,15.88,16.484,,24/11/2017,22.814,23.341,24.478,21.432,22.882,24.047,,24/11/2016,16.445,17.255,18.573,14.742,17,18.687
25/11/2018,15.351,15.602,15.945,14.955,15.35,15.728,,25/11/2017,22.684,23.159,24.094,22.061,22.771,23.704,,25/11/2016,15.652,16.42,17.177,12.695,15.425,16.677
26/11/2018,16.119,16.513,16.928,16.263,16.998,17.931,,26/11/2017,21.477,22.131,22.882,20.541,21.602,22.627,,26/11/2016,15.62,15.827,16.111,13,15.562,16.755
27/11/2018,16.553,17.344,17.809,16.703,18.012,19.257,,27/11/2017,21.726,22.196,23.081,20.554,21.916,23.557,,27/11/2016,16.966,17.424,18.531,16.498,18.718,21.369
28/11/2018,18.66,19.306,20.084,18.123,19.532,21.291,,28/11/2017,20.681,21.89,23.685,20.562,21.761,23.036,,28/11/2016,17.511,18.102,19.262,16.812,18.627,20.428
29/11/2018,19.674,20.164,20.79,19.197,20.359,22.914,,29/11/2017,22.146,22.901,23.874,21.063,22.794,24.334,,29/11/2016,18.181,19.056,20.678,16.834,19.067,21.28
30/11/2018,18.906,19.827,20.401,18.267,19.409,20.358,,30/11/2017,22.817,23.118,23.731,21.493,23.355,24.585,,30/11/2016,18.88,19.451,20.536,18.149,19.334,20.567
1/12/2018,18.194,19.173,20.995,17.397,19.483,21.086,,1/12/2017,20.332,21.507,22.996,18.435,21.361,23.034,,1/12/2016,18.907,19.64,20.465,18.539,19.556,20.587
2/12/2018,16.837,18.059,19.27,15.129,17.289,19.005,,2/12/2017,17.546,18.539,20.115,16.458,17.944,20.94,,2/12/2016,18.293,19.234,20.45,16.327,19.107,20.807
3/12/2018,15.692,16.934,17.79,14.187,16.102,17.666,,3/12/2017,13.675,14.76,16.207,12.101,14.859,18.081,,3/12/2016,18.498,19.203,20.021,14.048,18.537,19.907
4/12/2018,16.231,17.05,19.27,15.91,17.19,20.695,,4/12/2017,14.941,15.584,16.071,15.344,16.13,17.113,,4/12/2016,18.457,19.414,20.132,17.25,19.293,20.953
5/12/2018,17.746,18.722,21.063,17.38,19.701,22.924,,5/12/2017,16.614,17.352,18.517,15.849,17.391,19.543,,5/12/2016,19.016,19.548,20.212,18.269,19.798,22.606
6/12/2018,18.764,19.847,22.611,18.895,20.666,24.262,,6/12/2017,17.302,17.683,18.378,16.545,17.451,18.487,,6/12/2016,18.518,19.244,19.994,15.778,19.179,20.652
7/12/2018,19.731,20.31,21.594,19.264,20.556,22.669,,7/12/2017,16.528,17.652,18.653,16.277,17.404,18.695,,7/12/2016,18.478,19.237,19.915,16.889,19.288,21.061
8/12/2018,19.921,20.607,21.789,19.393,20.299,22.26,,8/12/2017,16.664,17.417,18.48,14.736,17.218,19.309,,8/12/2016,17.207,18.308,19.324,13.908,17.594,19.091
9/12/2018,19.899,20.412,21.421,19.147,20.233,21.174,,9/12/2017,16.941,17.61,18.138,14.499,17.171,19.514,,9/12/2016,16.352,17.08,18.078,13.994,16.534,17.922
10/12/2018,20.283,20.96,22.109,18.701,20.54,22.211,,10/12/2017,17.254,17.763,18.216,16.353,18.004,19.969,,10/12/2016,15.835,16.597,17.335,13.982,16.063,16.922
11/12/2018,20.957,21.701,23.261,18.881,21.248,23.165,,11/12/2017,17.807,18.844,20.488,17.384,18.521,20.424,,11/12/2016,16.593,17.661,18.903,16.607,18.422,20.83
12/12/2018,21.452,22.316,23.461,19.884,21.721,24.199,,12/12/2017,19.081,19.791,20.563,18.917,20.149,21.725,,12/12/2016,17.523,18.716,21.343,17.295,19.179,22.417
13/12/2018,20.942,22.151,22.871,20.773,21.614,23.233,,13/12/2017,19.539,20.065,21.153,19.611,20.542,21.365,,13/12/2016,17.281,18.366,19.947,16.041,18.67,22.15
14/12/2018,20.561,21.749,22.605,20.286,21.23,22.895,,14/12/2017,18.093,20.097,21.844,17.952,20.246,23.453,,14/12/2016,15.897,16.906,17.808,14.054,16.468,18.669
15/12/2018,20.748,21.125,21.492,19.871,20.713,21.919,,15/12/2017,19.167,20.202,21.672,18.835,19.872,21.895,,15/12/2016,16.72,17.7,19.251,14.82,17.836,19.718
16/12/2018,20.909,21.752,22.881,20.879,21.953,23.481,,16/12/2017,18.071,19.676,20.815,18.365,19.551,20.779,,16/12/2016,18.008,19.204,20.459,17.076,19.548,21.704
17/12/2018,20.269,21.031,21.883,18.993,20.269,21.586,,17/12/2017,19.613,20.677,22.043,19.463,20.716,22.737,,17/12/2016,16.368,17.447,18.965,11.599,16.938,18.539
18/12/2018,20.061,20.826,21.577,18.377,20.07,23.643,,18/12/2017,20.694,21.643,23.258,20.449,21.687,23.779,,18/12/2016,16.305,16.897,17.867,13.443,15.505,16.972
19/12/2018,19.853,20.621,21.271,19.45,21.135,24.318,,19/12/2017,19.991,21.143,22.584,19.292,21.101,23.305,,19/12/2016,16.103,16.62,17.356,13.576,16.091,17.899
20/12/2018,18.179,19.42,20.391,17.792,19.152,20.314,,20/12/2017,18.599,19.406,20.761,16.248,18.936,20.029,,20/12/2016,15.74,16.494,17.247,13.224,16.583,20.182
21/12/2018,17.411,18.934,20.142,17.257,18.248,19.351,,21/12/2017,18.277,18.73,19.472,17.082,18.225,18.968,,21/12/2016,15.506,16.156,17.529,14.021,16.377,18.868
22/12/2018,18.208,19.382,21.603,17.423,19.153,20.808,,22/12/2017,18.658,19.26,20.172,17.894,19.725,21.376,,22/12/2016,17.329,17.994,19.153,17.618,18.144,18.567
23/12/2018,18.186,19.553,21.557,17.246,19.895,22.288,,23/12/2017,18.628,19.187,20.187,16.111,18.652,19.84,,23/12/2016,19.311,19.779,20.498,18.208,19.875,22.084
24/12/2018,19.458,20.284,21.31,19.055,20.346,21.873,,24/12/2017,18.124,18.725,19.672,14.505,17.505,18.954,,24/12/2016,20.615,21.66,22.327,19.791,21.56,24.549
25/12/2018,19.481,20.297,21.559,18.886,19.89,21.342,,25/12/2017,18.338,18.882,19.373,17.709,18.358,19.111,,25/12/2016,21.836,23.076,24.472,21.134,22.601,26.69
26/12/2018,20.118,21.288,22.454,19.78,21.104,22.637,,26/12/2017,19.436,20.632,21.878,19.079,20.775,23.413,,26/12/2016,21.049,21.734,22.704,19.707,21.016,23.276
27/12/2018,20.9,21.467,22.241,20.132,21.149,22.066,,27/12/2017,20.555,21.289,22.246,20.365,22.174,24.76,,27/12/2016,20.571,21.551,23.427,20.045,21.499,24.208
28/12/2018,21.433,22.211,23.134,19.08,22.01,24.523,,28/12/2017,21.497,22.293,23.316,20.939,22.483,25.154,,28/12/2016,20.54,20.951,21.444,19.88,20.467,20.86
29/12/2018,20.372,21.504,22.157,19.37,21.773,24.072,,29/12/2017,20.768,21.974,23.409,19.306,22.197,24.644,,29/12/2016,20.811,21.15,21.936,20.332,20.797,21.46
30/12/2018,21.061,22.002,23.594,19.66,21.537,23.621,,30/12/2017,18.02,20.038,21.237,17.564,19.543,21.403,,30/12/2016,20.49,21.422,22.513,19.435,21.324,22.981
31/12/2018,21.012,22.08,23.102,21.133,22.256,24.259,,31/12/2017,18.916,19.869,20.914,17.452,20.054,22.609,,31/12/2016,20.94,21.784,23.166,19.994,20.948,22.472
1/01/2019,19.42,20.962,22.321,19.874,21.854,23.362,,1/01/2018,18.749,19.357,19.937,17.843,19.52,21.102,,1/01/2017,20.203,20.765,21.174,19.006,19.939,20.872
2/01/2019,20.058,21.353,24.873,18.422,20.861,22.894,,2/01/2018,17.513,18.757,19.732,16.062,18.69,19.827,,2/01/2017,19.679,20.34,21.19,16.587,19.808,20.904
3/01/2019,21.117,22.521,24.539,20.553,21.531,23.863,,3/01/2018,18.096,18.86,20.328,15.615,18.39,19.833,,3/01/2017,19.524,20.327,21.305,18.655,19.961,21.416
4/01/2019,21.193,22.289,23.928,21.157,23.117,26.272,,4/01/2018,18.432,19.064,19.968,18.197,18.918,19.491,,4/01/2017,19.743,21.628,22.846,19.213,21.769,23.988
5/01/2019,20.488,21.27,22.575,19.815,21.996,24.767,,5/01/2018,19.597,20.414,21.343,17.315,20.118,22.242,,5/01/2017,21.293,22.022,22.662,20.356,21.635,23.719
6/01/2019,19.031,20.596,22.635,19.205,20.997,23.102,,6/01/2018,18.942,19.578,20.396,17.101,19.136,20.537,,6/01/2017,21.731,23.183,25.146,21.19,23.105,25.888
7/01/2019,20.633,21.562,23.001,18.27,19.906,21.244,,7/01/2018,19.697,20.481,21.057,19.014,20.642,22.623,,7/01/2017,23.066,24.049,24.932,22.418,23.819,25.7
8/01/2019,20.405,21.447,22.949,20.203,21.286,22.474,,8/01/2018,20.1,21.116,22.24,20.058,21.388,23.159,,8/01/2017,21.577,23.339,25.278,20.746,23.415,27.826
9/01/2019,18.902,19.422,20.781,16.954,20.846,23.125,,9/01/2018,20.31,20.946,21.682,19.722,20.785,21.61,,9/01/2017,20.246,22.913,24.666,20.606,23.028,25.329
10/01/2019,18.94,19.924,21.099,15.045,18.591,19.761,,10/01/2018,20.271,21.637,23.283,20.422,21.299,22.112,,10/01/2017,20.915,22.144,23.632,18.569,21.587,23.144
11/01/2019,20.077,20.601,21.074,18.575,19.406,21.768,,11/01/2018,21.75,22.806,23.87,21.135,22.36,24.612,,11/01/2017,19.188,20.667,21.907,16.442,20.394,23.061
12/01/2019,19.927,20.668,21.396,18.807,21.116,23.625,,12/01/2018,20.091,21.341,22.683,19.668,21.261,23.116,,12/01/2017,19.355,20.248,21.859,17.931,20.307,23.528
13/01/2019,20.801,21.575,22.044,17.22,19.734,21.417,,13/01/2018,18.799,19.79,20.586,16.225,18.457,19.657,,13/01/2017,18.253,19.232,20.238,14.197,19.134,22.056
14/01/2019,21.891,22.484,23.112,20.035,21.625,23.595,,14/01/2018,18.123,18.908,20.126,16.67,18.346,19.213,,14/01/2017,17.312,18.064,18.992,13.173,17.273,19.244
15/01/2019,22.08,22.91,23.527,21.375,22.948,24.471,,15/01/2018,17.503,19.168,21.452,17.047,18.665,20.54,,15/01/2017,17.667,18.389,19.42,14.462,17.908,19.952
16/01/2019,21.804,22.651,23.48,21.761,22.916,24.403,,16/01/2018,18.51,19.852,21.863,18.579,19.986,22.559,,16/01/2017,18.944,19.761,21,17.499,19.856,22.588
17/01/2019,22.3,23.131,24.691,21.126,22.215,24.32,,17/01/2018,19.562,20.718,22.256,19.006,21.054,23.382,,17/01/2017,18.918,19.729,20.946,15.295,19.262,21.66
18/01/2019,20.295,21.842,23.438,21.875,22.696,24.967,,18/01/2018,20.441,21.591,23.629,20.311,21.615,24.096,,18/01/2017,17.845,18.716,19.493,15.791,18.415,20.488
19/01/2019,19.553,20.86,23.51,19.157,21.319,25.035,,19/01/2018,21.016,21.589,23.297,20.362,21.352,22.419,,19/01/2017,17.435,18.754,19.689,17.206,18.741,21.082
20/01/2019,20.625,21.724,24.631,17.616,20.445,22.039,,20/01/2018,20.829,22.325,23.899,21.031,22.021,23.241,,20/01/2017,17.552,18.1,18.616,14.924,17.114,18.032
21/01/2019,22.051,22.972,24.45,20.697,21.919,23.814,,21/01/2018,22.253,23.171,24.166,20.992,22.705,24.564,,21/01/2017,17.026,17.812,18.725,15.42,17.618,18.446
22/01/2019,22.018,23.126,24.956,21.781,23.167,25.731,,22/01/2018,22.211,22.94,24.126,19.504,22.661,25.054,,22/01/2017,18.647,19.252,20.045,17.705,19.555,20.793
23/01/2019,20.806,21.798,23.006,21.75,23.31,25.809,,23/01/2018,21.808,22.521,23.03,20.782,22.183,24.206,,23/01/2017,20.125,20.966,21.95,19.296,20.952,24.554
24/01/2019,21.007,21.544,22.968,18.872,20.945,22.524,,24/01/2018,22.46,23.044,24.915,21.667,22.879,24.243,,24/01/2017,16.594,18.416,21.26,15.047,18.791,20.416
25/01/2019,20.419,21.229,21.988,17.474,20.748,22.992,,25/01/2018,23.146,23.815,24.79,22.459,23.684,25.224,,25/01/2017,,,,15.7,19.199,23.301
26/01/2019,19.812,20.806,21.392,18.567,20.735,23.483,,26/01/2018,22.446,23.41,25.104,21.401,22.918,24.388,,26/01/2017,,,,17.069,19.465,23.817
27/01/2019,19.151,20.052,20.899,19.337,20.747,22.072,,27/01/2018,23.523,24.428,26.451,23.493,24.136,26.045,,27/01/2017,,,,18.893,20.408,23.642
28/01/2019,19.462,20.327,21.092,17.723,19.648,21.158,,28/01/2018,25.068,25.47,25.948,24.967,26.075,29.562,,28/01/2017,,,,18.496,20.477,23.189
29/01/2019,20.406,20.981,21.885,19.534,21.034,23.15,,29/01/2018,22.892,23.711,25.328,22.662,23.86,25.658,,29/01/2017,,,,17.738,21.011,24.321
30/01/2019,19.888,20.617,21.16,19.835,21.124,23.73,,30/01/2018,19.877,21.108,22.303,17.485,20.552,22.265,,30/01/2017,,,,14.086,18.814,20.775
31/01/2019,18.179,19.288,20.901,18.456,20.532,22.699,,31/01/2018,16.786,19.035,20.283,16.395,18.274,19.455,,31/01/2017,,,,14.734,18.278,20.372
1/02/2019,17.481,19.365,22.113,16.469,18.152,19.789,,1/02/2018,17.925,19.452,20.704,17.925,19.452,20.704,,1/02/2017,,,,13.612,17.119,19.041
2/02/2019,19.506,20.974,22.85,17.972,19.364,21.177,,2/02/2018,18.336,19.256,20.049,18.336,19.256,20.049,,2/02/2017,,,,14.047,17.481,19.877
3/02/2019,20.848,21.748,23.516,19.783,21.245,23.21,,3/02/2018,18.087,20.283,23.066,18.087,20.283,23.066,,3/02/2017,,,,15.076,18.076,21.186
4/02/2019,20.426,21.619,23.199,20.56,21.821,24.353,,4/02/2018,19.639,20.685,22.149,19.639,20.685,22.149,,4/02/2017,,,,17.574,18.706,19.894
5/02/2019,19.113,20.175,22.092,19.355,21.747,24.719,,5/02/2018,19.663,21.007,22.292,19.663,21.007,22.292,,5/02/2017,,,,16.587,18.286,19.18
6/02/2019,20.496,21.118,22.387,17.684,19.189,21.289,,6/02/2018,19.889,21.616,23.522,19.889,21.616,23.522,,6/02/2017,,,,17.718,18.519,20.032
7/02/2019,21.067,21.456,22.382,20.332,21.027,22.435,,7/02/2018,20.776,22.614,24.643,20.776,22.614,24.643,,7/02/2017,,,,18.06,19.998,23.941
8/02/2019,19.558,20.061,21.09,19.092,21.465,23.656,,8/02/2018,21.557,22.299,23.251,21.557,22.299,23.251,,8/02/2017,,,,18.116,19.699,21.281
9/02/2019,18.414,18.917,19.725,15.963,19.444,21.529,,9/02/2018,21.461,22.525,24.399,21.461,22.525,24.399,,9/02/2017,,,,18.635,19.636,21.952
10/02/2019,18.603,19.07,19.531,13.011,17.526,19.92,,10/02/2018,21.873,22.903,24.636,21.873,22.903,24.636,,10/02/2017,,,,19.339,20.436,22.729
11/02/2019,18.53,18.967,19.54,17.705,19.488,21.154,,11/02/2018,20.127,21.322,22.256,20.127,21.322,22.256,,11/02/2017,,,,14.171,17.88,19.397
12/02/2019,16.694,17.417,18.441,17.804,19.619,22.453,,12/02/2018,19.55,20.45,21.934,19.55,20.45,21.934,,12/02/2017,,,,12.543,16.378,18.038
13/02/2019,16.446,17.071,17.809,12.915,16.567,18.551,,13/02/2018,19.674,20.812,23.026,19.674,20.812,23.026,,13/02/2017,,,,13.088,15.966,17.809
14/02/2019,16.197,16.724,17.176,14.926,16.868,18.081,,14/02/2018,18.491,19.552,20.388,18.491,19.552,20.388,,14/02/2017,,,,14.088,16.831,19.128
15/02/2019,16.366,17.062,17.763,15.501,17.452,19.406,,15/02/2018,16.521,17.825,18.842,16.521,17.825,18.842,,15/02/2017,,,,14.788,16.933,20.322
16/02/2019,17.164,18.212,20.282,17.114,18.493,22.164,,16/02/2018,15.088,16.37,17.183,15.088,16.37,17.183,,16/02/2017,,,,15.105,17.813,19.713
17/02/2019,18.088,18.964,20.285,17.878,18.899,21.615,,17/02/2018,15.491,16.412,17.813,15.491,16.412,17.813,,17/02/2017,16.036,17.09,17.605,14.991,17.571,19.988
18/02/2019,18.515,19.229,20.23,18.749,19.506,21.242,,18/02/2018,16.266,16.913,17.962,16.266,16.913,17.962,,18/02/2017,15.988,16.849,17.904,14.831,17.245,20.479
19/02/2019,17.024,18.409,19.401,15.724,18.194,20.258,,19/02/2018,15.64,16.4,17.118,15.64,16.4,17.118,,19/02/2017,16.342,16.555,16.821,13.588,16.345,17.54
20/02/2019,17.023,17.892,18.623,15.614,17.616,19.499,,20/02/2018,15.282,16.993,19.128,15.282,16.993,19.128,,20/02/2017,16.151,16.447,16.892,14.367,15.945,16.507
21/02/2019,16.605,17.114,17.565,15.053,16.566,17.968,,21/02/2018,15.603,17.403,19.461,15.603,17.403,19.461,,21/02/2017,16.183,16.98,17.953,14.739,17.075,19.942
22/02/2019,16.045,16.85,17.748,14.349,16.363,18.274,,22/02/2018,16.445,18.277,20.806,16.445,18.277,20.806,,22/02/2017,16.215,17.513,19.013,15.794,18.448,20.494
23/02/2019,16.882,17.745,19.012,16.33,17.62,19.814,,23/02/2018,17.825,18.613,19.199,17.825,18.613,19.199,,23/02/2017,18.187,18.569,19.528,16.932,19.664,24.11
24/02/2019,16.78,18.47,21.278,15.822,17.695,20.311,,24/02/2018,18.426,18.964,19.633,18.426,18.964,19.633,,24/02/2017,16.592,18.228,19.123,16.89,18.407,21.309
25/02/2019,17.455,18.277,19.361,16.317,18.4,21.027,,25/02/2018,16.873,17.853,18.86,16.873,17.853,18.86,,25/02/2017,16.764,18.238,20.6,15.696,18.062,20.942
26/02/2019,17.883,18.4,18.995,18.04,18.726,21.435,,26/02/2018,16.855,18.86,23.86,16.855,18.86,23.86,,26/02/2017,17.519,18.834,20.384,17.443,18.927,21.313
27/02/2019,16.784,17.83,18.611,13.354,16.922,19.176,,27/02/2018,17.938,19.055,21.902,17.938,19.055,21.902,,27/02/2017,18.535,19.476,20.814,17.523,19.979,23.294
28/02/2019,18.314,18.705,19.069,18.425,19.303,20.023,,28/02/2018,18.265,18.924,20.061,18.265,18.924,20.061,,28/02/2017,19.732,20.494,21.726,19.354,20.81,22.887
,,,,,,,,1/03/2018,17.948,18.657,20.652,17.17,18.306,19.01,,1/03/2017,20.889,21.736,22.681,19.672,21.782,24.057
,,,,,,,,2/03/2018,18.868,19.649,21.075,18.513,19.915,21.95,,2/03/2017,20.193,21.554,22.793,17.944,21.278,23.43
,,,,,,,,3/03/2018,18.906,19.7,20.963,17.05,19.862,22.004,,3/03/2017,19.894,21.075,23.052,17.963,20.487,22.248
,,,,,,,,4/03/2018,18.01,18.779,19.696,15.804,18.32,20.142,,4/03/2017,20.507,20.713,20.991,18.751,20.487,21.417
,,,,,,,,5/03/2018,17.066,18.011,19.027,15.072,17.323,18.642,,5/03/2017,19.516,20.185,20.886,19.002,20.31,21.427
,,,,,,,,6/03/2018,17.894,18.601,20.021,17.358,18.489,19.727,,6/03/2017,19.031,19.563,20.429,17.996,18.967,20.145
,,,,,,,,7/03/2018,18.69,19.177,19.607,18.452,19.339,20.568,,7/03/2017,17.719,19.236,21.887,17.589,19.201,22.265
,,,,,,,,8/03/2018,19.009,19.675,20.477,17.963,19.569,20.322,,8/03/2017,17.946,19.418,21.294,17.575,19.559,22.716
,,,,,,,,9/03/2018,19.514,20.179,21.1,18.724,19.907,20.953,,9/03/2017,18.648,19.664,21.208,18.49,19.731,22.048
,,,,,,,,10/03/2018,19.301,20.109,21.503,18.694,20.593,22.144,,10/03/2017,19.146,20.033,21.532,19.262,20.295,22.677
,,,,,,,,11/03/2018,18.36,19.104,20.374,16.189,19.372,21.499,,11/03/2017,19.643,20.402,21.856,19.333,20.44,22.816
,,,,,,,,12/03/2018,17.342,18.068,18.706,14.858,17.441,19.033,,12/03/2017,19.624,20.223,21.189,19.361,20.055,21.541
,,,,,,,,13/03/2018,16.865,17.878,19.134,17.068,17.75,18.618,,13/03/2017,19.675,20.755,22.198,19.996,21.423,23.255
,,,,,,,,14/03/2018,17.199,17.669,18.095,16.242,17.991,20.364,,14/03/2017,20.707,21.684,22.696,18.858,22.094,24.379
,,,,,,,,15/03/2018,16.867,17.378,18.415,15.743,16.654,17.121,,15/03/2017,20.928,21.603,22.254,19.924,21.762,24.595
,,,,,,,,16/03/2018,17.167,17.684,19.114,16.944,17.681,18.674,,16/03/2017,20.296,21.248,21.683,15.32,19.931,22.414
,,,,,,,,17/03/2018,17.756,18.029,18.687,17.468,18.674,20.888,,17/03/2017,18.733,19.89,21.786,15.573,18.843,21.196
,,,,,,,,18/03/2018,16.078,16.773,17.712,13.58,16.442,18.21,,18/03/2017,18.015,19.12,20.118,15.497,18.76,20.294
,,,,,,,,19/03/2018,15.19,15.812,16.59,13.447,15.321,16.853,,19/03/2017,18.54,19.262,20.1,16.682,19.166,20.099
,,,,,,,,20/03/2018,13.116,15.086,15.948,11.289,14.422,16.077,,20/03/2017,18.591,18.871,19.192,17.326,18.556,19.16
,,,,,,,,21/03/2018,14.149,14.846,15.912,13.187,14.549,15.73,,21/03/2017,18.204,18.31,18.447,16.867,18.297,18.933
,,,,,,,,22/03/2018,14.846,15.313,16.242,14.717,15.185,15.539,,22/03/2017,17.019,17.55,18.022,16.497,17.276,18.16
,,,,,,,,23/03/2018,15.355,15.703,16.307,15.565,16.315,17.303,,23/03/2017,16.7,17.279,18.078,15.782,17.634,18.796
,,,,,,,,24/03/2018,15.479,15.868,16.226,15.475,15.99,16.489,,24/03/2017,16.391,17.424,19.057,16.277,17.569,19.933
,,,,,,,,25/03/2018,14.689,15.222,16.064,13.155,15.314,16.349,,25/03/2017,16.644,17.31,18.159,16.387,17.346,17.884
,,,,,,,,26/03/2018,14.142,14.838,16.21,13.787,14.503,15.779,,26/03/2017,16.32,17.859,19.258,17.141,18.369,20.721
,,,,,,,,27/03/2018,14.487,15.2,16.212,14.996,15.618,17.068,,27/03/2017,16.84,17.69,18.505,14.847,17.358,19.825
,,,,,,,,28/03/2018,14.648,15.66,16.743,15.361,16.258,18.735,,28/03/2017,16.172,17.087,17.749,14.833,16.849,19.412
,,,,,,,,29/03/2018,15.442,15.919,16.226,15.6,16.195,18.029,,29/03/2017,14.767,16.322,17.624,12.524,16.274,18.26
,,,,,,,,30/03/2018,14.319,15.632,17.265,13.618,15.169,16.573,,30/03/2017,,,,10.34,14.686,16.671
,,,,,,,,31/03/2018,14.871,15.483,16.207,14.344,15.72,17.008,,31/03/2017,,,,12.049,14.776,16.315
,,,,,,,,1/04/2018,15.104,15.48,15.78,13.912,15.375,16.48,,1/04/2017,,,,12.574,14.728,17.623
,,,,,,,,2/04/2018,14.558,15.233,15.662,13.403,15.01,16.201,,2/04/2017,,,,11.764,13.801,14.948
,,,,,,,,3/04/2018,14.303,15.341,16.143,14.298,15.933,17.564,,3/04/2017,,,,11.817,13.971,14.829
,,,,,,,,4/04/2018,14.995,15.546,16.015,15.103,16.02,17.345,,4/04/2017,,,,12.218,14.428,15.989
,,,,,,,,5/04/2018,15.19,15.694,15.947,15.496,16.289,18.507,,5/04/2017,,,,13.863,15.188,18.222
,,,,,,,,6/04/2018,14.87,15.312,15.785,13.995,15.122,15.912,,6/04/2017,14.28,15.121,16.85,14.066,15.422,17.47
,,,,,,,,7/04/2018,14.923,15.205,15.614,14.56,15.307,16.272,,7/04/2017,14.425,15.246,16.403,14.674,15.758,17.863
,,,,,,,,8/04/2018,15.107,15.217,15.341,15.125,15.591,15.892,,8/04/2017,14.676,15.302,15.984,14.91,15.927,17.642
,,,,,,,,9/04/2018,14.625,15.277,16.358,13.507,15.034,16.314,,9/04/2017,14.848,15.118,15.65,14.312,15.117,15.705
,,,,,,,,10/04/2018,14.824,15.066,15.4,14.397,15.292,16.13,,10/04/2017,13.662,14.381,15.019,11.928,14.278,15.098
,,,,,,,,11/04/2018,14.155,14.482,14.83,13.658,14.433,15.012,,11/04/2017,13.769,14.395,15.378,12.574,13.763,14.631
,,,,,,,,12/04/2018,13.611,14.234,15.03,12.773,14.15,15.014,,12/04/2017,13.657,14.468,15.297,11.523,14.463,15.915
,,,,,,,,13/04/2018,13.864,14.361,15.172,14.078,14.566,15.81,,13/04/2017,13.912,14.524,15.052,12.967,14.692,16.26
,,,,,,,,14/04/2018,12.8,13.355,13.886,11.178,13.13,14.771,,14/04/2017,13.249,14.154,14.756,10.679,13.958,15.308
,,,,,,,,15/04/2018,12.261,12.572,12.802,10.311,12,13.096,,15/04/2017,13.293,13.908,14.341,12.219,14.077,15.107
,,,,,,,,16/04/2018,11.345,11.919,12.441,9.253,11.021,12.243,,16/04/2017,13.159,13.9,14.406,12.195,13.646,14.356
,,,,,,,,17/04/2018,10.86,11.732,12.32,9.784,11.43,12.609,,17/04/2017,12.855,13.512,14.098,11.819,13.726,15.385
,,,,,,,,18/04/2018,11.148,11.908,12.681,10.949,11.794,12.906,,18/04/2017,13.138,13.656,14.501,12.29,13.555,14.21
,,,,,,,,19/04/2018,10.634,12.038,13.298,10.613,11.905,12.911,,19/04/2017,13.555,13.976,14.622,12.747,14.211,14.908
,,,,,,,,20/04/2018,11.698,12.575,13.731,12.161,12.656,13.215,,20/04/2017,13.911,14.225,14.547,14.378,15.083,16.559
,,,,,,,,21/04/2018,12.506,13.345,14.846,12.797,13.581,15.083,,21/04/2017,14.552,14.843,15.153,14.818,15.786,16.778
,,,,,,,,22/04/2018,12.995,13.501,13.883,13.142,13.965,15.276,,22/04/2017,14.923,15.083,15.237,15.277,15.815,16.605
,,,,,,,,23/04/2018,13.155,13.609,14.073,13.208,13.898,14.8,,23/04/2017,14.912,15.148,15.701,14.899,15.32,15.742
,,,,,,,,24/04/2018,13.315,13.717,14.263,13.607,14.317,15.53,,24/04/2017,15.022,15.403,16.099,15.203,15.567,16.342
,,,,,,,,25/04/2018,13.606,14.392,15.567,14.006,14.735,16.261,,25/04/2017,13.906,14.813,15.526,14.007,15.128,16.04
,,,,,,,,26/04/2018,13.306,13.845,14.143,13.313,14.281,14.771,,26/04/2017,11.856,13.149,14.473,8.696,12.529,14.578
,,,,,,,,27/04/2018,12.69,13.291,13.937,12.107,13.065,13.86,,27/04/2017,11.887,12.754,13.26,10.611,12.322,13.385
,,,,,,,,28/04/2018,12.115,12.93,13.876,11.633,12.895,13.743,,28/04/2017,12.246,12.904,13.459,11.89,13.347,14.999
,,,,,,,,29/04/2018,12.795,13.273,13.879,12.828,13.436,14.762,,29/04/2017,12.604,13.054,13.659,11.814,13.298,14.238
,,,,,,,,30/04/2018,12.249,12.49,12.84,11.614,12.691,14.428,,30/04/2017,11.523,13.053,13.958,11.878,13.447,15.356
