2017-18,Site,,,
Date,PW1F,PW2F,PW3F,PW4F
1/02/2018,19.472,20.138,20.138,19.377
1/02/2018,18.616,19.758,19.662,18.901
1/02/2018,18.045,19.567,19.948,18.616
1/02/2018,18.426,19.187,19.948,17.57
1/02/2018,18.236,18.996,19.853,16.427
1/02/2018,18.331,19.758,19.758,16.523
1/02/2018,18.426,19.472,19.758,15.664
1/02/2018,18.236,19.282,19.662,15.664
1/02/2018,17.855,19.472,19.567,14.9
1/02/2018,17.76,19.377,19.567,15.282
1/02/2018,17.475,19.377,19.662,15.187
1/02/2018,17.379,19.377,19.567,16.808
1/02/2018,18.236,19.377,19.377,17.284
1/02/2018,18.616,19.282,19.187,17.76
1/02/2018,18.901,19.187,19.092,18.236
1/02/2018,19.092,19.282,19.377,18.616
1/02/2018,19.282,19.377,19.567,18.901
1/02/2018,19.377,19.472,19.662,19.092
1/02/2018,19.472,19.472,19.662,19.472
1/02/2018,19.567,19.472,19.567,19.853
1/02/2018,19.567,19.472,19.567,19.948
1/02/2018,19.948,19.662,19.567,20.234
1/02/2018,20.234,20.519,19.948,20.329
1/02/2018,20.329,20.805,20.234,20.138
1/02/2018,20.234,20.519,20.615,20.234
1/02/2018,20.138,20.043,20.71,20.138
1/02/2018,19.758,20.519,20.519,19.187
1/02/2018,19.853,20.615,20.424,18.996
1/02/2018,19.948,20.329,20.424,18.996
1/02/2018,20.138,20.329,20.615,18.901
1/02/2018,20.138,20.519,20.805,18.996
1/02/2018,20.234,20.901,21.187,19.282
1/02/2018,20.234,21.187,21.378,19.567
1/02/2018,20.329,21.378,19.853,20.043
1/02/2018,20.329,21.664,19.853,20.519
1/02/2018,20.424,21.664,19.853,20.901
1/02/2018,20.424,20.329,19.948,20.615
1/02/2018,20.424,19.853,19.853,20.043
1/02/2018,20.234,19.853,19.948,19.567
1/02/2018,20.043,19.758,20.138,19.092
1/02/2018,19.853,19.853,18.806,18.901
1/02/2018,19.567,19.758,19.377,18.521
1/02/2018,19.567,19.662,19.282,18.711
1/02/2018,19.472,19.567,19.567,18.521
1/02/2018,19.472,19.567,19.377,18.996
1/02/2018,19.377,19.472,19.282,19.092
1/02/2018,19.282,19.472,19.567,19.187
1/02/2018,19.282,19.472,19.472,19.282
2/02/2018,19.282,19.472,19.472,19.472
2/02/2018,19.187,19.377,19.472,19.472
2/02/2018,19.092,19.282,19.377,19.377
2/02/2018,19.092,19.187,19.187,19.187
2/02/2018,18.901,19.092,18.996,18.901
2/02/2018,18.806,18.996,18.426,18.616
2/02/2018,18.806,18.901,18.331,18.331
2/02/2018,18.901,18.996,18.616,18.236
2/02/2018,18.806,19.092,18.806,17.76
2/02/2018,18.711,19.092,18.901,17.189
2/02/2018,18.616,19.092,18.901,16.903
2/02/2018,18.616,19.092,18.901,16.713
2/02/2018,18.521,18.901,18.901,17.475
2/02/2018,18.426,19.187,18.901,17.475
2/02/2018,18.616,19.282,18.806,17.95
2/02/2018,18.901,19.282,19.092,18.331
2/02/2018,19.092,19.187,19.187,18.711
2/02/2018,19.187,19.187,19.282,18.996
2/02/2018,19.377,19.187,19.377,19.187
2/02/2018,19.472,19.282,19.472,19.377
2/02/2018,19.472,19.282,19.187,19.472
2/02/2018,19.472,19.282,19.187,19.472
2/02/2018,19.567,19.377,19.187,19.472
2/02/2018,19.472,19.282,19.187,19.567
2/02/2018,19.758,19.377,19.377,19.853
2/02/2018,19.853,19.377,19.567,20.043
2/02/2018,19.948,19.662,19.853,20.329
2/02/2018,19.758,19.853,20.138,20.424
2/02/2018,19.662,19.948,20.234,20.424
2/02/2018,19.662,19.948,20.519,20.519
2/02/2018,19.662,19.948,19.948,20.329
2/02/2018,19.662,19.948,19.662,19.472
2/02/2018,19.662,20.043,19.662,19.472
2/02/2018,19.758,20.138,19.758,19.567
2/02/2018,19.758,20.329,19.567,19.662
2/02/2018,19.758,19.853,19.567,19.662
2/02/2018,19.662,19.567,19.472,19.662
2/02/2018,19.567,19.377,19.377,19.472
2/02/2018,19.567,19.187,19.282,19.187
2/02/2018,19.377,18.901,19.092,18.901
2/02/2018,19.282,19.282,19.662,18.616
2/02/2018,19.092,19.377,19.662,18.426
2/02/2018,18.901,19.567,19.758,18.426
2/02/2018,18.616,19.472,19.662,18.521
2/02/2018,19.187,19.472,19.567,18.901
2/02/2018,19.187,19.472,19.472,18.996
2/02/2018,19.187,19.377,19.377,19.377
2/02/2018,19.092,19.377,19.282,19.377
3/02/2018,18.996,19.377,19.282,19.377
3/02/2018,18.996,19.377,19.282,19.377
3/02/2018,18.996,19.377,19.282,19.377
3/02/2018,18.996,19.282,19.187,19.377
3/02/2018,18.996,19.187,19.187,19.282
3/02/2018,18.806,19.092,19.092,19.187
3/02/2018,18.806,19.092,18.996,18.996
3/02/2018,18.806,18.996,18.901,18.806
3/02/2018,18.521,18.806,18.806,18.426
3/02/2018,18.331,19.092,18.711,18.331
3/02/2018,18.236,18.996,18.711,17.76
3/02/2018,18.14,18.996,18.616,17.284
3/02/2018,18.14,18.806,18.711,16.903
3/02/2018,18.045,18.806,18.806,16.618
3/02/2018,17.95,18.901,18.806,16.808
3/02/2018,17.95,18.901,18.901,16.713
3/02/2018,17.95,18.901,18.996,17.189
3/02/2018,18.426,18.996,18.996,17.76
3/02/2018,19.092,19.187,19.187,18.521
3/02/2018,19.662,19.472,19.662,19.092
3/02/2018,19.948,19.662,19.853,19.567
3/02/2018,20.234,19.377,20.043,19.758
3/02/2018,20.043,19.567,20.043,20.138
3/02/2018,20.043,19.567,20.234,20.138
3/02/2018,20.138,19.853,20.043,20.329
3/02/2018,20.234,19.853,20.138,20.615
3/02/2018,20.615,20.043,20.615,20.901
3/02/2018,21.187,20.519,21.187,21.664
3/02/2018,21.091,20.996,21.473,22.142
3/02/2018,21.187,21.569,21.855,22.525
3/02/2018,21.473,22.046,22.429,22.621
3/02/2018,21.664,22.429,22.812,22.908
3/02/2018,21.76,22.812,23.869,23.1
3/02/2018,21.76,23.1,24.255,23.196
3/02/2018,21.855,23.196,24.351,23.292
3/02/2018,21.951,22.525,24.255,23.677
3/02/2018,21.951,21.091,24.062,23.677
3/02/2018,21.951,20.901,23.773,23.388
3/02/2018,21.855,20.71,23.484,22.525
3/02/2018,21.664,20.519,23.004,21.76
3/02/2018,21.473,20.234,22.333,20.901
3/02/2018,21.187,19.948,22.142,20.234
3/02/2018,20.901,20.71,22.525,19.758
3/02/2018,20.519,20.901,22.429,19.948
3/02/2018,20.234,20.71,21.951,20.901
3/02/2018,20.138,20.615,21.855,21.855
3/02/2018,20.805,20.71,21.091,21.951
3/02/2018,20.519,20.519,20.996,21.951
4/02/2018,20.329,20.519,20.805,21.76
4/02/2018,20.234,20.424,20.615,21.378
4/02/2018,20.234,20.424,20.615,20.71
4/02/2018,20.329,20.424,20.519,20.71
4/02/2018,20.329,20.424,20.519,20.71
4/02/2018,20.234,20.329,20.519,20.615
4/02/2018,20.234,20.329,20.519,20.519
4/02/2018,19.948,20.234,20.424,20.424
4/02/2018,19.853,20.234,20.234,20.329
4/02/2018,19.567,20.043,20.138,20.138
4/02/2018,19.567,19.948,19.948,19.853
4/02/2018,19.472,20.234,19.758,19.662
4/02/2018,19.662,20.138,19.948,19.567
4/02/2018,19.758,19.948,19.758,19.282
4/02/2018,19.853,20.043,19.853,19.092
4/02/2018,19.662,20.043,19.853,18.996
4/02/2018,19.567,20.043,20.043,19.092
4/02/2018,19.282,20.043,20.043,19.187
4/02/2018,19.282,20.234,20.043,19.853
4/02/2018,19.567,20.234,20.138,20.138
4/02/2018,20.234,20.329,20.234,20.424
4/02/2018,20.519,20.329,20.329,20.424
4/02/2018,20.901,20.329,20.329,20.329
4/02/2018,20.901,20.329,20.519,20.519
4/02/2018,20.901,20.424,20.615,20.424
4/02/2018,20.996,20.424,20.615,20.615
4/02/2018,20.901,20.519,20.615,20.71
4/02/2018,20.901,20.519,20.805,20.901
4/02/2018,21.091,20.615,21.091,21.091
4/02/2018,21.282,20.805,21.378,21.378
4/02/2018,21.473,20.901,21.664,21.664
4/02/2018,21.569,20.996,21.855,22.046
4/02/2018,21.855,20.996,22.238,22.238
4/02/2018,22.046,21.091,22.525,22.717
4/02/2018,22.046,21.091,23.004,22.908
4/02/2018,22.142,21.091,23.004,23.004
4/02/2018,22.238,21.091,22.812,22.908
4/02/2018,21.951,20.901,22.429,22.621
4/02/2018,21.76,20.901,22.046,21.951
4/02/2018,21.473,20.901,21.76,21.091
4/02/2018,21.282,21.091,21.378,20.234
4/02/2018,20.996,20.996,20.901,19.567
4/02/2018,20.805,20.901,21.473,19.187
4/02/2018,20.615,21.282,21.378,19.092
4/02/2018,20.329,21.091,21.378,19.092
4/02/2018,20.138,21.378,21.282,19.853
4/02/2018,20.043,21.091,20.805,20.615
4/02/2018,20.71,21.091,20.996,21.378
5/02/2018,20.71,20.996,20.996,21.473
5/02/2018,20.615,20.805,21.187,21.282
5/02/2018,20.424,20.996,21.187,21.091
5/02/2018,20.329,20.805,20.901,21.282
5/02/2018,20.329,20.71,20.996,21.091
5/02/2018,20.329,20.71,20.519,21.187
5/02/2018,20.424,20.71,20.329,21.091
5/02/2018,20.424,20.71,20.138,20.615
5/02/2018,20.138,20.615,20.138,20.805
5/02/2018,20.043,20.424,20.138,20.615
5/02/2018,19.853,20.329,20.234,20.138
5/02/2018,19.567,20.234,19.948,19.567
5/02/2018,19.662,20.234,19.853,19.282
5/02/2018,19.853,20.329,19.853,18.806
5/02/2018,20.043,20.234,19.853,18.426
5/02/2018,20.138,20.329,19.948,18.14
5/02/2018,20.138,20.329,20.043,18.14
5/02/2018,20.234,20.519,20.234,18.331
5/02/2018,20.424,20.424,20.329,18.711
5/02/2018,20.519,20.519,20.615,19.187
5/02/2018,20.901,20.805,20.805,20.424
5/02/2018,21.378,21.282,21.187,20.996
5/02/2018,21.76,21.091,21.187,20.901
5/02/2018,21.855,21.091,21.473,20.996
5/02/2018,21.76,20.901,21.76,21.187
5/02/2018,21.664,20.901,21.378,21.378
5/02/2018,21.76,21.282,21.378,21.473
5/02/2018,21.855,21.187,21.378,21.473
5/02/2018,22.046,21.187,21.569,21.569
5/02/2018,22.142,21.187,21.664,21.76
5/02/2018,22.238,21.187,21.951,21.855
5/02/2018,22.429,21.187,22.046,21.951
5/02/2018,22.429,21.282,22.333,22.142
5/02/2018,22.525,21.378,22.429,22.429
5/02/2018,22.621,21.76,22.525,22.621
5/02/2018,22.621,21.569,22.525,22.525
5/02/2018,22.429,21.664,22.717,22.717
5/02/2018,22.333,21.569,22.525,23.196
5/02/2018,22.238,21.473,22.142,22.717
5/02/2018,22.046,21.282,21.76,22.046
5/02/2018,21.951,20.901,21.378,21.282
5/02/2018,21.76,20.71,20.996,20.424
5/02/2018,21.76,20.996,20.71,19.758
5/02/2018,21.569,21.282,21.091,19.282
5/02/2018,21.187,21.473,21.473,19.092
5/02/2018,20.901,21.569,21.473,19.567
5/02/2018,20.71,21.473,21.378,20.615
5/02/2018,20.805,21.473,21.378,21.76
6/02/2018,21.187,21.378,21.282,21.951
6/02/2018,20.996,21.282,21.378,21.855
6/02/2018,20.805,21.282,20.805,21.282
6/02/2018,20.615,20.996,20.996,21.187
6/02/2018,20.519,21.091,20.805,20.996
6/02/2018,20.615,21.091,20.71,20.805
6/02/2018,20.615,20.996,20.805,20.615
6/02/2018,20.615,20.901,20.805,20.71
6/02/2018,20.615,20.901,20.805,20.519
6/02/2018,20.234,20.805,20.71,20.424
6/02/2018,20.329,20.71,20.519,20.138
6/02/2018,20.138,20.615,20.519,19.853
6/02/2018,20.138,20.234,20.615,19.282
6/02/2018,19.948,20.519,20.615,18.616
6/02/2018,19.758,20.615,20.519,18.426
6/02/2018,19.758,20.329,20.519,18.331
6/02/2018,19.853,20.519,20.519,18.426
6/02/2018,19.948,20.615,20.615,18.521
6/02/2018,20.043,20.71,20.71,18.806
6/02/2018,20.424,20.805,20.805,19.472
6/02/2018,20.805,20.996,20.996,20.329
6/02/2018,21.091,21.187,21.091,21.282
6/02/2018,21.282,21.282,21.473,21.951
6/02/2018,21.76,21.473,21.664,22.238
6/02/2018,22.429,21.378,22.429,22.046
6/02/2018,22.333,21.378,22.525,22.908
6/02/2018,22.429,21.473,22.429,21.951
6/02/2018,22.429,21.378,22.525,21.855
6/02/2018,22.333,21.664,22.142,22.046
6/02/2018,22.238,21.664,22.238,22.142
6/02/2018,22.238,21.76,22.333,22.238
6/02/2018,22.046,21.855,22.333,22.142
6/02/2018,22.429,21.855,22.429,22.238
6/02/2018,22.429,21.951,23.292,22.429
6/02/2018,22.429,22.142,23.388,22.908
6/02/2018,22.717,22.046,23.484,23.196
6/02/2018,23.004,22.333,23.292,23.292
6/02/2018,23.292,22.429,23.388,23.292
6/02/2018,23.484,22.621,25.319,23.773
6/02/2018,23.677,23.388,25.708,24.062
6/02/2018,23.677,22.812,23.773,23.677
6/02/2018,23.484,22.812,23.388,23.196
6/02/2018,23.196,22.142,23.388,22.429
6/02/2018,22.908,21.664,23.773,21.855
6/02/2018,22.621,21.664,23.196,21.378
6/02/2018,22.429,22.046,23.004,21.664
6/02/2018,22.142,22.238,23.1,22.046
6/02/2018,21.855,21.951,23.004,23.004
7/02/2018,21.664,21.951,22.429,23.388
7/02/2018,21.76,21.951,21.951,23.388
7/02/2018,21.76,21.951,21.569,22.908
7/02/2018,21.664,21.951,21.664,22.238
7/02/2018,21.76,21.951,21.569,21.76
7/02/2018,21.76,21.951,21.569,21.76
7/02/2018,21.569,21.76,21.569,21.855
7/02/2018,21.473,21.76,21.569,21.76
7/02/2018,21.473,21.664,21.664,21.664
7/02/2018,21.473,21.569,21.569,21.569
7/02/2018,21.378,21.569,21.473,21.378
7/02/2018,21.569,21.473,21.282,20.996
7/02/2018,21.378,21.378,21.187,20.901
7/02/2018,21.187,21.091,20.996,20.138
7/02/2018,20.996,21.473,21.282,19.282
7/02/2018,21.091,20.996,21.282,17.76
7/02/2018,21.187,21.378,21.282,18.236
7/02/2018,21.378,21.378,21.378,19.472
7/02/2018,21.76,21.378,21.473,20.043
7/02/2018,21.951,21.473,21.569,20.329
7/02/2018,22.238,21.664,21.76,20.996
7/02/2018,22.621,21.951,21.951,22.046
7/02/2018,23.004,22.429,22.142,23.484
7/02/2018,23.292,23.004,22.333,24.835
7/02/2018,23.677,22.717,22.717,25.222
7/02/2018,24.062,23.004,22.429,24.835
7/02/2018,24.641,22.717,21.951,23.677
7/02/2018,23.773,23.004,22.142,23.966
7/02/2018,23.677,22.525,22.908,23.484
7/02/2018,23.677,22.717,23.004,23.388
7/02/2018,23.388,22.621,23.004,23.292
7/02/2018,23.388,22.621,23.004,23.292
7/02/2018,23.388,22.717,23.004,23.388
7/02/2018,23.388,22.812,23.1,23.388
7/02/2018,23.388,23.004,23.004,23.292
7/02/2018,23.677,23.004,23.292,23.292
7/02/2018,25.125,23.292,23.677,23.677
7/02/2018,26,23.292,23.677,24.062
7/02/2018,26.097,23.773,23.869,24.255
7/02/2018,26,23.773,24.062,25.028
7/02/2018,25.61,23.869,23.677,24.738
7/02/2018,25.125,23.677,24.641,25.028
7/02/2018,23.966,23.581,24.351,25.222
7/02/2018,23.484,23.677,24.158,24.448
7/02/2018,23.196,23.581,23.869,24.062
7/02/2018,23.1,23.1,23.677,23.388
7/02/2018,23.004,23.1,23.292,23.773
7/02/2018,22.525,22.908,23.773,23.773
8/02/2018,22.429,22.812,23.484,23.677
8/02/2018,22.429,22.717,24.062,23.677
8/02/2018,22.717,22.621,23.484,23.677
8/02/2018,22.525,22.621,23.1,23.581
8/02/2018,22.525,22.525,22.429,23.1
8/02/2018,22.429,22.525,22.621,22.525
8/02/2018,22.333,22.429,22.525,22.333
8/02/2018,22.429,22.429,22.525,22.429
8/02/2018,22.429,22.429,22.525,22.333
8/02/2018,22.333,22.333,22.429,22.333
8/02/2018,22.142,22.238,22.333,22.238
8/02/2018,22.142,22.238,22.238,22.046
8/02/2018,22.142,22.046,22.046,21.855
8/02/2018,22.142,22.046,22.142,21.569
8/02/2018,22.238,22.046,22.046,21.473
8/02/2018,22.238,22.142,22.046,21.187
8/02/2018,22.238,22.142,22.046,20.71
8/02/2018,22.142,22.046,21.951,20.71
8/02/2018,22.142,21.951,21.282,20.615
8/02/2018,22.142,21.76,21.091,21.187
8/02/2018,22.046,21.855,21.282,20.615
8/02/2018,21.951,21.76,21.569,21.187
8/02/2018,21.855,21.951,21.951,21.187
8/02/2018,21.855,22.046,22.046,21.282
8/02/2018,22.046,22.142,22.046,21.473
8/02/2018,22.238,22.429,22.238,21.76
8/02/2018,22.429,22.333,22.238,22.046
8/02/2018,22.908,22.812,22.621,22.142
8/02/2018,23.1,22.717,22.812,22.333
8/02/2018,23.292,22.525,22.908,22.429
8/02/2018,23.1,22.621,22.812,22.621
8/02/2018,23.004,22.238,22.717,22.717
8/02/2018,22.717,22.142,22.717,22.717
8/02/2018,22.717,22.238,22.812,22.812
8/02/2018,22.621,22.238,22.812,22.812
8/02/2018,22.621,22.333,22.812,22.812
8/02/2018,22.429,22.238,22.621,22.717
8/02/2018,22.525,22.238,22.621,22.621
8/02/2018,22.621,22.142,22.525,22.525
8/02/2018,22.812,22.142,22.429,22.429
8/02/2018,22.812,22.142,22.333,22.238
8/02/2018,22.812,22.142,22.333,22.238
8/02/2018,22.908,22.142,22.238,22.046
8/02/2018,22.717,22.046,22.046,21.951
8/02/2018,22.717,22.046,21.951,21.76
8/02/2018,22.717,22.046,22.046,21.569
8/02/2018,22.525,22.046,21.855,21.473
8/02/2018,22.333,22.142,21.855,21.378
9/02/2018,22.046,22.238,22.046,21.473
9/02/2018,21.855,22.238,21.951,21.664
9/02/2018,21.76,22.142,21.855,21.664
9/02/2018,21.951,22.142,21.855,21.664
9/02/2018,21.951,22.046,21.951,21.664
9/02/2018,21.951,22.046,22.046,21.855
9/02/2018,21.951,22.046,22.046,21.951
9/02/2018,21.951,22.046,22.046,21.951
9/02/2018,21.855,21.951,22.046,22.046
9/02/2018,21.855,21.951,22.046,22.046
9/02/2018,21.855,21.951,22.046,21.951
9/02/2018,21.76,21.951,21.951,21.855
9/02/2018,21.76,21.951,21.951,21.951
9/02/2018,21.664,21.855,21.855,21.76
9/02/2018,21.569,21.855,21.76,21.569
9/02/2018,21.378,21.76,21.664,21.282
9/02/2018,21.473,21.855,21.569,21.187
9/02/2018,21.473,21.76,21.282,21.091
9/02/2018,21.569,21.76,21.091,20.996
9/02/2018,21.664,21.855,21.664,21.091
9/02/2018,21.855,21.664,22.046,21.187
9/02/2018,22.046,21.664,21.378,21.664
9/02/2018,22.525,21.951,21.855,22.429
9/02/2018,22.717,22.238,22.525,23.581
9/02/2018,23.196,22.908,23.1,25.028
9/02/2018,23.484,23.484,23.388,26.195
9/02/2018,23.773,23.1,23.292,27.272
9/02/2018,24.062,22.908,23.292,27.567
9/02/2018,24.448,23.196,23.581,26.488
9/02/2018,25.028,23.1,23.292,25.708
9/02/2018,24.738,22.908,23.484,24.835
9/02/2018,24.158,23.004,23.196,24.255
9/02/2018,24.062,22.908,23.196,23.869
9/02/2018,23.966,22.812,23.004,23.677
9/02/2018,23.677,22.812,22.908,23.484
9/02/2018,23.484,22.812,22.908,23.388
9/02/2018,23.1,22.717,22.908,23.196
9/02/2018,23.004,22.717,22.908,23.004
9/02/2018,22.908,22.525,22.812,22.812
9/02/2018,22.908,22.621,22.812,22.717
9/02/2018,22.812,22.429,22.717,22.621
9/02/2018,22.908,22.333,22.525,22.525
9/02/2018,22.812,22.333,22.621,22.525
9/02/2018,22.525,22.142,22.621,22.429
9/02/2018,22.429,22.238,22.525,22.333
9/02/2018,22.333,22.238,22.238,22.238
9/02/2018,22.333,22.429,22.046,22.142
9/02/2018,22.238,22.238,22.429,21.951
10/02/2018,22.238,22.333,22.525,21.951
10/02/2018,22.046,22.812,22.717,22.238
10/02/2018,21.951,22.525,23.196,22.238
10/02/2018,22.046,22.621,23.1,22.333
10/02/2018,22.238,22.717,22.812,22.525
10/02/2018,22.333,22.525,22.717,22.908
10/02/2018,22.333,22.333,22.525,22.908
10/02/2018,22.238,22.333,22.525,22.717
10/02/2018,22.333,22.333,22.525,22.525
10/02/2018,22.333,22.333,22.429,22.333
10/02/2018,22.333,22.333,22.333,22.333
10/02/2018,22.238,22.333,22.333,22.238
10/02/2018,21.951,22.333,22.238,22.142
10/02/2018,21.855,22.333,22.238,22.046
10/02/2018,21.951,22.238,22.238,21.855
10/02/2018,22.046,22.333,22.238,21.76
10/02/2018,21.951,22.142,22.238,21.664
10/02/2018,21.664,22.142,22.429,21.473
10/02/2018,22.238,22.046,22.333,20.805
10/02/2018,22.429,22.046,22.333,21.187
10/02/2018,22.812,22.238,22.238,21.378
10/02/2018,23.004,22.812,21.855,21.855
10/02/2018,23.196,23.1,22.046,22.717
10/02/2018,23.388,23.677,22.525,23.484
10/02/2018,23.677,24.158,22.908,24.062
10/02/2018,23.773,24.448,23.484,25.125
10/02/2018,24.062,24.351,23.773,25.805
10/02/2018,24.255,24.158,24.158,25.902
10/02/2018,24.448,24.062,24.738,25.805
10/02/2018,24.448,22.908,24.351,25.708
10/02/2018,24.351,23.004,23.966,25.513
10/02/2018,24.448,23.1,23.773,25.513
10/02/2018,24.448,23.004,23.773,24.835
10/02/2018,24.738,23.004,23.677,24.835
10/02/2018,24.255,23.004,23.388,24.641
10/02/2018,24.158,23.1,22.908,24.158
10/02/2018,24.062,23.004,22.908,23.677
10/02/2018,23.869,22.908,22.908,23.388
10/02/2018,23.869,22.908,22.908,22.908
10/02/2018,23.773,22.717,22.717,22.908
10/02/2018,23.484,22.717,22.621,22.812
10/02/2018,22.717,22.621,22.621,22.717
10/02/2018,22.621,22.621,22.525,22.621
10/02/2018,22.621,22.525,22.525,22.621
10/02/2018,22.525,22.525,22.525,22.429
10/02/2018,22.429,22.621,22.525,22.333
10/02/2018,22.333,22.525,22.333,22.238
10/02/2018,22.238,22.429,22.142,22.142
11/02/2018,22.333,22.429,22.238,21.569
11/02/2018,22.046,22.333,22.142,21.473
11/02/2018,21.951,22.238,22.142,20.71
11/02/2018,21.951,22.525,22.238,20.329
11/02/2018,21.855,22.333,22.046,20.805
11/02/2018,21.569,22.333,22.142,21.473
11/02/2018,21.951,22.333,22.333,21.855
11/02/2018,22.046,22.238,22.333,22.142
11/02/2018,22.142,22.238,22.238,22.238
11/02/2018,21.951,22.333,22.238,22.238
11/02/2018,22.046,22.238,22.238,22.238
11/02/2018,21.951,22.238,22.333,22.046
11/02/2018,21.855,22.142,22.238,22.046
11/02/2018,21.664,22.142,22.238,21.951
11/02/2018,21.091,22.142,22.142,21.76
11/02/2018,21.187,22.142,22.046,21.473
11/02/2018,20.805,21.855,21.76,21.091
11/02/2018,20.805,21.951,21.664,20.71
11/02/2018,20.901,21.664,20.805,18.996
11/02/2018,21.378,21.282,21.282,20.138
11/02/2018,21.76,21.091,21.378,20.329
11/02/2018,21.855,20.996,20.805,20.234
11/02/2018,21.855,20.71,20.805,19.853
11/02/2018,21.76,20.996,20.615,19.472
11/02/2018,21.855,20.519,20.234,19.282
11/02/2018,21.76,20.996,19.853,19.092
11/02/2018,21.664,21.378,19.853,19.567
11/02/2018,21.664,21.091,19.853,19.377
11/02/2018,21.76,21.473,20.043,19.567
11/02/2018,21.855,21.378,20.615,19.948
11/02/2018,22.046,21.855,20.424,20.519
11/02/2018,22.142,21.855,20.615,20.615
11/02/2018,22.238,21.76,20.996,20.329
11/02/2018,22.238,21.855,21.282,19.853
11/02/2018,22.429,21.76,21.378,20.615
11/02/2018,21.855,21.569,21.378,21.091
11/02/2018,21.664,21.569,21.664,21.282
11/02/2018,21.282,21.473,21.473,21.378
11/02/2018,21.187,21.473,21.378,21.378
11/02/2018,20.996,21.378,21.378,21.282
11/02/2018,20.901,21.378,21.282,21.187
11/02/2018,21.187,21.378,21.282,21.091
11/02/2018,21.187,21.378,21.187,20.996
11/02/2018,21.091,21.282,20.996,20.805
11/02/2018,20.901,20.996,20.519,20.234
11/02/2018,20.805,20.424,20.901,19.948
11/02/2018,20.519,20.138,20.71,19.758
11/02/2018,20.519,20.615,20.71,18.711
12/02/2018,20.329,20.234,20.805,18.14
12/02/2018,20.138,20.329,20.805,18.616
12/02/2018,19.948,20.71,20.615,18.616
12/02/2018,19.758,20.805,20.615,18.331
12/02/2018,19.567,20.71,20.615,17.855
12/02/2018,19.758,20.615,20.615,18.806
12/02/2018,19.758,20.71,20.424,19.187
12/02/2018,20.138,20.615,20.329,19.567
12/02/2018,20.234,20.615,20.519,19.948
12/02/2018,20.138,20.615,20.71,19.948
12/02/2018,20.138,20.519,20.71,20.043
12/02/2018,20.043,20.519,20.615,20.138
12/02/2018,19.948,20.519,20.519,20.138
12/02/2018,19.758,20.519,20.519,19.948
12/02/2018,19.662,20.519,20.519,19.853
12/02/2018,19.567,20.519,20.519,19.758
12/02/2018,19.758,20.424,20.329,19.472
12/02/2018,19.948,20.234,20.519,19.472
12/02/2018,19.853,20.234,20.615,18.901
12/02/2018,20.043,19.472,20.615,18.996
12/02/2018,20.424,20.424,20.615,18.426
12/02/2018,20.329,20.615,20.519,17.475
12/02/2018,20.138,20.615,20.519,17.665
12/02/2018,20.329,20.234,20.424,18.426
12/02/2018,20.519,20.519,20.424,19.758
12/02/2018,20.519,20.424,20.138,20.805
12/02/2018,20.71,20.615,20.424,21.664
12/02/2018,20.996,21.091,20.519,22.429
12/02/2018,21.473,21.378,21.091,23.004
12/02/2018,21.569,20.996,21.473,23.388
12/02/2018,21.76,21.76,21.569,23.966
12/02/2018,21.76,20.901,20.71,23.292
12/02/2018,21.951,21.187,20.71,23.484
12/02/2018,22.142,21.091,20.615,22.717
12/02/2018,22.046,21.091,20.71,21.473
12/02/2018,21.282,20.805,20.71,20.805
12/02/2018,20.805,20.615,20.615,20.71
12/02/2018,20.615,20.519,20.615,20.519
12/02/2018,20.519,20.615,20.71,20.519
12/02/2018,20.424,20.615,20.71,20.424
12/02/2018,20.424,20.519,20.71,20.329
12/02/2018,20.329,20.519,20.805,20.424
12/02/2018,20.329,20.519,20.71,20.424
12/02/2018,20.234,20.615,20.615,20.329
12/02/2018,20.138,20.519,20.424,20.138
12/02/2018,20.043,20.424,20.234,19.853
12/02/2018,19.948,20.329,20.519,19.662
12/02/2018,19.853,20.043,20.329,19.662
13/02/2018,19.758,20.043,20.329,19.472
13/02/2018,19.758,20.043,20.138,19.377
13/02/2018,19.567,20.043,20.138,19.187
13/02/2018,19.567,20.043,20.138,18.996
13/02/2018,19.567,20.138,20.138,18.901
13/02/2018,19.567,20.234,20.138,18.996
13/02/2018,19.377,20.234,20.043,19.187
13/02/2018,19.758,20.138,20.043,19.187
13/02/2018,19.758,20.234,20.138,19.377
13/02/2018,19.853,20.234,20.138,19.853
13/02/2018,19.948,20.234,20.043,19.853
13/02/2018,19.948,20.234,20.043,19.662
13/02/2018,20.043,20.234,20.043,19.662
13/02/2018,19.948,20.234,20.043,19.662
13/02/2018,19.853,20.138,20.043,19.758
13/02/2018,19.948,20.234,19.948,19.758
13/02/2018,20.043,20.138,20.043,19.758
13/02/2018,19.948,20.138,20.138,19.662
13/02/2018,19.853,20.138,20.138,19.567
13/02/2018,19.948,20.329,20.329,19.853
13/02/2018,19.948,20.329,20.519,19.472
13/02/2018,20.234,20.234,20.615,18.996
13/02/2018,20.329,20.424,20.996,19.758
13/02/2018,20.424,20.615,20.615,20.043
13/02/2018,20.519,20.71,20.71,20.329
13/02/2018,20.996,21.091,20.996,20.901
13/02/2018,21.378,21.569,21.569,21.664
13/02/2018,21.855,22.046,22.046,22.525
13/02/2018,22.142,22.429,22.333,23.484
13/02/2018,22.333,21.951,22.717,24.448
13/02/2018,22.525,21.473,21.473,25.222
13/02/2018,22.525,21.282,23.773,25.805
13/02/2018,22.429,21.378,24.158,26.195
13/02/2018,22.621,21.473,23.1,25.513
13/02/2018,23.004,21.473,22.621,24.448
13/02/2018,22.238,21.187,21.378,23.581
13/02/2018,21.664,21.091,21.378,23.1
13/02/2018,21.187,20.901,21.378,22.717
13/02/2018,21.091,20.901,21.378,21.76
13/02/2018,20.996,20.901,21.282,21.473
13/02/2018,20.901,20.901,21.187,21.569
13/02/2018,20.901,20.901,20.996,21.473
13/02/2018,20.805,20.805,20.805,20.805
13/02/2018,20.805,20.805,20.71,20.615
13/02/2018,20.71,20.805,20.71,20.615
13/02/2018,20.71,20.805,20.615,20.519
13/02/2018,20.615,20.615,20.519,20.424
13/02/2018,20.424,20.424,20.329,20.329
14/02/2018,20.329,20.234,20.424,20.234
14/02/2018,20.615,20.138,20.424,20.138
14/02/2018,20.805,20.329,20.424,19.948
14/02/2018,20.615,20.615,20.424,19.662
14/02/2018,20.329,20.615,20.329,19.282
14/02/2018,19.948,20.519,20.329,19.662
14/02/2018,19.662,20.519,20.329,19.662
14/02/2018,19.567,20.519,20.329,19.758
14/02/2018,19.472,20.519,20.234,19.758
14/02/2018,19.567,20.424,20.043,19.662
14/02/2018,20.043,20.329,20.138,19.948
14/02/2018,20.043,20.329,20.234,19.853
14/02/2018,19.948,20.424,20.234,19.758
14/02/2018,19.948,20.424,20.234,19.758
14/02/2018,20.138,20.424,20.329,19.758
14/02/2018,20.043,20.424,20.234,19.758
14/02/2018,20.043,20.329,20.234,19.758
14/02/2018,20.043,20.329,20.138,19.853
14/02/2018,20.043,20.234,20.138,19.758
14/02/2018,19.948,20.138,20.138,19.662
14/02/2018,19.948,19.662,19.948,19.472
14/02/2018,19.853,19.662,19.472,18.901
14/02/2018,19.853,19.948,20.043,17.665
14/02/2018,20.043,19.948,19.092,17.855
14/02/2018,20.138,20.043,19.092,18.331
14/02/2018,20.138,20.043,19.567,18.711
14/02/2018,20.043,19.853,19.377,18.806
14/02/2018,19.853,19.662,19.377,18.806
14/02/2018,19.758,19.567,19.187,18.616
14/02/2018,19.948,19.662,19.282,18.331
14/02/2018,20.043,19.758,19.377,18.806
14/02/2018,20.043,19.853,19.662,19.187
14/02/2018,19.758,19.662,19.567,19.472
14/02/2018,19.472,19.282,19.282,18.616
14/02/2018,18.996,18.996,18.901,17.665
14/02/2018,18.711,18.996,18.616,17.475
14/02/2018,18.711,19.092,18.14,17.094
14/02/2018,18.616,18.901,18.331,16.999
14/02/2018,18.331,19.282,19.472,18.045
14/02/2018,18.236,19.853,19.853,19.092
14/02/2018,17.95,19.758,19.662,19.282
14/02/2018,18.045,19.662,19.472,19.187
14/02/2018,17.855,19.567,19.377,19.377
14/02/2018,18.045,19.377,19.282,19.282
14/02/2018,17.95,19.377,19.282,19.282
14/02/2018,18.616,19.282,19.187,19.092
14/02/2018,18.616,19.187,19.187,18.806
14/02/2018,18.331,19.092,19.092,18.711
15/02/2018,18.521,18.996,19.092,18.426
15/02/2018,18.521,18.901,18.045,18.14
15/02/2018,18.14,18.711,18.996,17.284
15/02/2018,17.95,18.806,18.996,15.664
15/02/2018,17.95,18.901,18.806,15.76
15/02/2018,17.95,17.95,18.806,14.23
15/02/2018,18.045,18.331,18.711,14.517
15/02/2018,17.95,18.236,18.331,13.846
15/02/2018,17.475,18.521,18.331,14.134
15/02/2018,17.665,18.331,18.236,15.091
15/02/2018,17.57,18.331,18.236,17.379
15/02/2018,17.189,18.045,18.331,18.14
15/02/2018,17.284,18.045,18.236,18.236
15/02/2018,17.379,18.14,18.236,18.236
15/02/2018,17.475,18.236,18.14,18.236
15/02/2018,17.76,18.236,18.426,18.14
15/02/2018,17.95,18.331,18.426,17.95
15/02/2018,17.95,18.331,18.426,17.95
15/02/2018,17.95,18.331,18.331,18.045
15/02/2018,18.045,18.426,18.236,17.95
15/02/2018,18.14,18.331,18.236,18.045
15/02/2018,17.95,17.284,18.045,16.618
15/02/2018,18.045,18.045,17.95,16.046
15/02/2018,17.95,18.14,17.855,15.473
15/02/2018,18.14,17.665,17.284,14.996
15/02/2018,18.045,18.045,16.999,15.282
15/02/2018,18.045,17.855,17.284,15.378
15/02/2018,18.14,17.665,17.189,15.282
15/02/2018,18.331,17.95,17.475,15.569
15/02/2018,18.331,17.95,17.76,15.664
15/02/2018,18.521,18.236,18.14,16.523
15/02/2018,18.806,18.521,18.14,18.236
15/02/2018,18.711,18.711,18.711,18.901
15/02/2018,18.806,18.901,18.996,19.377
15/02/2018,18.901,18.996,19.092,18.806
15/02/2018,18.711,18.901,18.806,18.14
15/02/2018,18.426,18.331,18.901,18.14
15/02/2018,18.14,18.045,18.711,18.426
15/02/2018,17.76,18.236,18.426,18.045
15/02/2018,17.475,18.045,18.045,17.665
15/02/2018,17.379,17.95,17.95,17.665
15/02/2018,17.284,17.76,17.855,17.855
15/02/2018,17.094,17.665,17.76,17.855
15/02/2018,16.999,17.57,17.76,17.76
15/02/2018,16.808,17.475,17.57,17.665
15/02/2018,16.903,17.475,17.57,17.57
15/02/2018,17.094,17.284,17.57,17.475
15/02/2018,16.903,17.284,17.284,16.903
16/02/2018,16.713,17.094,16.523,16.427
16/02/2018,16.999,16.618,15.855,15.378
16/02/2018,17.094,16.237,15.569,13.654
16/02/2018,16.903,16.523,15.855,13.461
16/02/2018,16.713,16.523,15.378,12.401
16/02/2018,16.618,16.237,15.187,12.787
16/02/2018,16.427,16.237,15.664,12.013
16/02/2018,16.332,16.808,15.855,13.942
16/02/2018,16.141,16.618,15.378,14.038
16/02/2018,16.046,16.332,16.523,14.804
16/02/2018,16.046,16.332,16.713,15.569
16/02/2018,15.951,16.427,16.808,15.76
16/02/2018,15.855,16.618,16.808,15.76
16/02/2018,15.76,16.713,16.808,16.046
16/02/2018,15.664,16.713,16.808,16.618
16/02/2018,15.664,16.713,16.713,16.713
16/02/2018,15.664,16.713,16.713,16.808
16/02/2018,15.76,16.618,16.713,16.713
16/02/2018,15.76,16.618,16.618,16.713
16/02/2018,16.046,16.618,16.618,16.427
16/02/2018,16.237,16.618,16.618,16.427
16/02/2018,16.332,16.427,15.855,16.427
16/02/2018,16.427,15.76,16.046,15.569
16/02/2018,16.332,16.427,15.664,13.75
16/02/2018,16.618,16.713,15.951,14.709
16/02/2018,16.808,16.903,16.141,14.709
16/02/2018,16.903,16.903,16.523,15.091
16/02/2018,16.999,16.999,16.618,15.187
16/02/2018,17.094,17.284,16.808,16.046
16/02/2018,16.999,17.379,16.903,16.523
16/02/2018,17.094,17.379,16.999,16.808
16/02/2018,17.094,17.379,17.094,16.903
16/02/2018,17.094,17.379,17.189,16.999
16/02/2018,16.999,17.379,17.284,17.094
16/02/2018,16.903,17.379,17.379,16.903
16/02/2018,16.999,17.475,17.379,16.808
16/02/2018,16.903,17.475,17.284,16.808
16/02/2018,16.903,17.284,17.189,16.618
16/02/2018,16.808,16.999,17.094,16.427
16/02/2018,16.618,16.999,16.903,16.046
16/02/2018,16.523,16.808,16.713,16.427
16/02/2018,16.427,16.713,16.713,16.618
16/02/2018,16.332,16.618,16.618,16.523
16/02/2018,16.141,16.618,16.523,16.523
16/02/2018,15.951,16.618,16.427,16.523
16/02/2018,16.046,16.523,16.427,16.618
16/02/2018,16.046,16.523,16.427,16.523
16/02/2018,16.141,16.427,16.427,16.523
17/02/2018,16.141,16.427,16.427,16.523
17/02/2018,16.141,16.332,16.237,16.332
17/02/2018,16.237,16.332,16.237,15.951
17/02/2018,16.141,16.141,16.237,15.473
17/02/2018,15.76,16.332,16.237,15.378
17/02/2018,15.76,16.237,16.141,14.613
17/02/2018,15.855,16.332,16.046,14.325
17/02/2018,15.855,16.332,16.046,13.846
17/02/2018,15.855,16.332,15.951,14.325
17/02/2018,15.664,16.237,15.855,14.134
17/02/2018,15.569,16.237,15.855,14.421
17/02/2018,15.569,16.237,16.046,14.709
17/02/2018,15.569,16.237,16.046,14.996
17/02/2018,15.569,16.141,16.046,14.804
17/02/2018,15.569,16.141,16.046,15.569
17/02/2018,15.473,16.046,16.046,15.855
17/02/2018,15.378,16.046,16.046,16.046
17/02/2018,15.378,16.046,16.046,16.046
17/02/2018,15.76,16.141,16.141,16.046
17/02/2018,16.046,16.141,16.141,16.046
17/02/2018,16.141,16.141,16.237,16.046
17/02/2018,16.237,16.141,16.237,16.141
17/02/2018,16.332,16.237,15.569,16.332
17/02/2018,16.332,16.237,15.664,15.187
17/02/2018,16.332,15.951,15.664,15.76
17/02/2018,16.332,16.141,15.951,15.473
17/02/2018,16.427,16.141,16.046,15.473
17/02/2018,16.427,16.427,16.141,16.046
17/02/2018,16.523,16.618,16.141,16.046
17/02/2018,16.618,16.808,16.427,16.427
17/02/2018,16.808,16.999,16.713,17.094
17/02/2018,16.808,17.284,16.999,17.379
17/02/2018,16.808,17.284,17.094,17.95
17/02/2018,16.903,17.475,17.379,18.521
17/02/2018,17.094,17.57,17.475,17.57
17/02/2018,17.284,17.95,17.855,18.331
17/02/2018,17.57,17.95,18.045,18.806
17/02/2018,17.475,17.475,17.95,18.521
17/02/2018,17.475,17.094,17.76,18.236
17/02/2018,17.379,16.903,17.379,18.14
17/02/2018,17.189,16.713,17.094,17.855
17/02/2018,17.284,16.808,16.808,17.57
17/02/2018,17.189,16.808,16.618,17.379
17/02/2018,16.713,16.618,16.618,17.094
17/02/2018,16.618,16.618,16.618,16.713
17/02/2018,16.713,16.523,16.427,16.713
17/02/2018,16.618,16.523,16.427,16.713
17/02/2018,16.618,16.523,16.427,16.523
18/02/2018,16.618,16.427,16.427,16.523
18/02/2018,16.618,16.427,16.427,16.523
18/02/2018,16.523,16.427,16.332,16.427
18/02/2018,16.523,16.427,16.332,16.523
18/02/2018,16.523,16.427,16.808,16.523
18/02/2018,16.427,16.427,16.523,16.427
18/02/2018,16.427,16.427,16.427,16.427
18/02/2018,16.427,16.427,16.808,16.332
18/02/2018,16.523,16.427,16.808,16.046
18/02/2018,16.523,16.427,16.618,16.046
18/02/2018,16.523,16.427,16.618,15.76
18/02/2018,16.523,16.427,16.618,15.664
18/02/2018,16.523,16.427,16.427,16.046
18/02/2018,16.427,16.427,16.332,16.237
18/02/2018,16.332,16.427,16.427,16.141
18/02/2018,16.332,16.427,16.427,16.237
18/02/2018,16.332,16.332,16.332,16.237
18/02/2018,16.427,16.427,16.332,16.332
18/02/2018,16.523,16.427,16.332,16.332
18/02/2018,16.523,16.523,16.427,16.427
18/02/2018,16.713,16.523,16.523,16.523
18/02/2018,16.713,16.618,16.618,16.523
18/02/2018,16.903,16.713,16.713,16.713
18/02/2018,16.999,16.713,16.903,16.808
18/02/2018,16.999,16.713,16.903,16.903
18/02/2018,17.094,16.713,16.999,16.903
18/02/2018,17.189,16.903,17.094,17.094
18/02/2018,17.284,17.094,17.189,17.284
18/02/2018,17.379,17.284,17.284,17.475
18/02/2018,17.379,17.475,17.665,17.379
18/02/2018,17.475,17.57,17.95,17.76
18/02/2018,17.665,18.236,18.331,17.95
18/02/2018,17.665,18.331,18.426,18.14
18/02/2018,17.665,18.426,18.331,18.045
18/02/2018,17.665,17.665,18.14,18.045
18/02/2018,17.57,17.189,18.14,17.95
18/02/2018,17.57,17.094,18.236,17.665
18/02/2018,17.475,16.903,18.331,17.475
18/02/2018,17.379,16.999,18.045,17.284
18/02/2018,17.284,16.999,17.76,16.999
18/02/2018,17.189,16.903,17.76,17.094
18/02/2018,16.999,16.999,17.475,17.284
18/02/2018,16.713,16.903,17.379,17.475
18/02/2018,16.713,16.903,16.999,17.57
18/02/2018,16.713,16.903,16.999,17.379
18/02/2018,16.713,16.903,17.094,17.189
18/02/2018,16.903,16.903,16.999,16.903
18/02/2018,16.808,16.903,16.999,16.713
19/02/2018,16.713,16.903,16.713,16.713
19/02/2018,16.618,16.808,16.713,16.618
19/02/2018,16.618,16.713,16.713,16.618
19/02/2018,16.523,16.713,16.618,16.523
19/02/2018,16.332,16.618,16.618,16.427
19/02/2018,16.237,16.523,16.427,16.332
19/02/2018,16.046,16.427,16.332,16.046
19/02/2018,16.046,16.332,16.141,15.76
19/02/2018,15.855,16.427,15.951,15.664
19/02/2018,15.951,16.141,15.855,15.473
19/02/2018,16.141,15.664,16.427,15.378
19/02/2018,16.141,15.091,16.332,15.378
19/02/2018,16.141,15.091,16.141,15.187
19/02/2018,16.046,15.282,16.237,15.091
19/02/2018,16.046,16.237,16.237,14.996
19/02/2018,15.855,16.141,16.237,15.187
19/02/2018,15.378,16.237,16.237,15.282
19/02/2018,15.378,16.237,16.427,15.473
19/02/2018,15.664,16.237,16.427,15.569
19/02/2018,16.046,16.237,16.332,15.569
19/02/2018,16.141,16.332,16.332,15.664
19/02/2018,16.237,16.332,16.332,16.046
19/02/2018,16.332,16.332,16.332,16.332
19/02/2018,16.332,16.332,16.332,16.427
19/02/2018,16.332,16.332,16.427,16.523
19/02/2018,16.427,16.427,16.427,16.523
19/02/2018,16.523,16.523,16.523,16.618
19/02/2018,16.523,16.618,16.713,16.808
19/02/2018,16.141,16.713,16.808,16.713
19/02/2018,16.427,16.903,17.094,16.808
19/02/2018,16.618,16.999,16.999,16.808
19/02/2018,16.808,16.713,16.618,16.903
19/02/2018,16.808,16.618,17.094,17.094
19/02/2018,16.713,16.618,17.475,16.999
19/02/2018,16.713,16.618,17.855,17.57
19/02/2018,16.713,16.618,17.855,17.665
19/02/2018,16.808,16.618,17.76,17.665
19/02/2018,16.713,16.427,17.57,17.379
19/02/2018,16.618,16.237,17.379,16.999
19/02/2018,16.618,16.523,16.999,16.523
19/02/2018,16.523,16.618,16.618,16.046
19/02/2018,16.332,16.618,16.427,15.76
19/02/2018,16.141,16.523,16.332,15.855
19/02/2018,16.237,16.523,16.427,16.237
19/02/2018,16.046,16.523,16.523,16.523
19/02/2018,16.332,16.618,16.523,16.427
19/02/2018,16.332,16.618,16.427,16.332
19/02/2018,16.427,16.618,16.427,16.237
20/02/2018,16.332,16.523,16.427,16.332
20/02/2018,16.237,16.523,16.427,16.427
20/02/2018,16.237,16.427,16.332,16.427
20/02/2018,16.237,16.427,16.237,16.332
20/02/2018,16.237,16.332,16.237,16.332
20/02/2018,16.046,16.332,16.141,16.237
20/02/2018,15.951,16.237,16.046,16.141
20/02/2018,15.76,16.141,15.951,15.855
20/02/2018,15.282,16.046,15.951,15.569
20/02/2018,15.282,16.141,15.951,15.091
20/02/2018,15.378,16.141,15.951,15.187
20/02/2018,15.282,16.046,15.855,14.709
20/02/2018,15.282,16.046,15.76,14.421
20/02/2018,15.282,16.046,15.855,14.134
20/02/2018,15.282,15.951,15.951,13.846
20/02/2018,15.282,15.951,15.951,13.654
20/02/2018,15.282,15.951,15.951,13.654
20/02/2018,15.187,15.951,15.951,13.942
20/02/2018,15.187,16.046,15.951,14.325
20/02/2018,15.282,16.046,15.951,14.421
20/02/2018,15.378,16.046,16.046,14.709
20/02/2018,15.855,16.141,16.237,15.282
20/02/2018,16.237,16.332,16.523,15.664
20/02/2018,16.713,16.332,16.618,16.046
20/02/2018,16.903,16.427,16.903,16.808
20/02/2018,17.094,16.618,17.475,17.094
20/02/2018,17.57,16.713,18.331,17.284
20/02/2018,18.14,17.094,18.521,17.95
20/02/2018,17.76,17.189,18.14,17.57
20/02/2018,18.14,17.57,18.331,17.95
20/02/2018,18.236,17.95,18.711,18.521
20/02/2018,18.236,17.665,19.282,18.996
20/02/2018,18.426,17.95,19.377,19.282
20/02/2018,18.521,18.14,19.662,19.472
20/02/2018,18.616,17.76,20.805,19.758
20/02/2018,18.711,17.57,21.091,19.948
20/02/2018,18.806,17.57,20.805,19.948
20/02/2018,18.806,17.094,20.424,20.138
20/02/2018,18.616,16.903,20.043,19.948
20/02/2018,18.045,16.808,19.758,19.282
20/02/2018,17.76,16.808,19.377,18.616
20/02/2018,18.045,16.999,18.806,18.045
20/02/2018,17.855,16.999,18.806,17.76
20/02/2018,17.855,17.475,18.616,18.331
20/02/2018,17.379,17.379,18.14,18.331
20/02/2018,16.999,17.379,18.14,18.426
20/02/2018,16.808,17.284,18.14,18.616
20/02/2018,17.379,17.189,17.665,18.331
21/02/2018,17.284,17.094,16.903,18.045
21/02/2018,17.094,16.999,16.903,17.475
21/02/2018,16.999,16.999,16.808,17.094
21/02/2018,16.903,16.903,16.713,16.618
21/02/2018,16.808,16.903,16.618,16.618
21/02/2018,16.808,16.808,16.523,16.618
21/02/2018,16.713,16.903,16.427,16.523
21/02/2018,16.713,16.713,16.332,16.332
21/02/2018,16.618,16.523,16.332,16.237
21/02/2018,16.618,16.523,16.332,16.141
21/02/2018,16.332,16.332,16.141,15.855
21/02/2018,16.237,16.141,16.427,14.709
21/02/2018,16.046,16.523,16.237,14.038
21/02/2018,16.046,16.618,16.141,13.461
21/02/2018,16.046,16.427,16.141,13.846
21/02/2018,15.951,16.427,16.141,14.038
21/02/2018,16.141,16.427,16.237,14.325
21/02/2018,16.141,16.427,16.332,14.421
21/02/2018,16.237,16.523,16.332,14.421
21/02/2018,16.332,16.618,16.427,15.569
21/02/2018,16.427,16.618,16.618,15.187
21/02/2018,16.618,16.713,16.713,16.427
21/02/2018,16.903,16.903,16.808,16.523
21/02/2018,17.95,17.189,17.284,16.808
21/02/2018,17.76,17.094,17.284,16.808
21/02/2018,17.95,17.189,17.57,17.094
21/02/2018,17.475,17.094,17.665,17.379
21/02/2018,17.95,17.76,18.045,17.855
21/02/2018,17.855,17.57,18.426,18.236
21/02/2018,17.95,17.95,18.426,18.331
21/02/2018,18.14,17.665,18.426,18.14
21/02/2018,18.806,17.57,18.331,18.331
21/02/2018,18.901,17.76,18.616,18.426
21/02/2018,18.996,17.855,18.806,18.616
21/02/2018,19.092,18.236,18.996,18.806
21/02/2018,19.092,18.426,19.377,18.901
21/02/2018,19.092,18.521,20.138,19.282
21/02/2018,19.282,18.521,20.71,19.472
21/02/2018,19.282,18.426,20.424,19.567
21/02/2018,19.282,18.426,20.519,19.948
21/02/2018,19.187,18.045,19.662,19.948
21/02/2018,19.187,17.665,19.377,19.758
21/02/2018,19.092,17.475,19.187,19.567
21/02/2018,18.616,17.57,18.045,19.472
21/02/2018,18.236,17.665,17.855,19.092
21/02/2018,18.14,17.76,17.76,18.711
21/02/2018,17.855,17.57,17.665,18.616
21/02/2018,17.76,17.379,17.57,18.616
22/02/2018,17.76,17.284,17.475,18.045
22/02/2018,17.475,17.379,17.284,17.57
22/02/2018,17.284,17.379,17.189,17.379
22/02/2018,17.189,17.284,16.999,17.189
22/02/2018,17.094,17.284,16.999,16.903
22/02/2018,17.189,17.284,16.903,16.808
22/02/2018,17.189,17.189,16.903,16.808
22/02/2018,16.999,17.189,16.903,16.713
22/02/2018,16.903,16.999,16.713,16.713
22/02/2018,16.999,16.903,16.713,16.618
22/02/2018,17.094,16.903,16.618,16.427
22/02/2018,17.094,16.523,16.618,15.76
22/02/2018,16.999,16.713,16.618,15.091
22/02/2018,16.999,16.808,16.618,15.378
22/02/2018,16.903,16.808,16.618,15.664
22/02/2018,16.523,16.808,16.713,15.855
22/02/2018,16.713,16.808,16.713,15.951
22/02/2018,16.808,16.903,16.903,16.141
22/02/2018,16.999,17.094,16.999,16.332
22/02/2018,17.284,17.094,17.284,16.808
22/02/2018,17.57,17.379,17.284,17.379
22/02/2018,18.045,17.57,17.379,18.14
22/02/2018,17.95,18.045,17.57,18.806
22/02/2018,18.426,18.236,17.855,19.092
22/02/2018,19.282,18.331,17.95,18.711
22/02/2018,18.616,17.95,18.711,18.426
22/02/2018,18.806,17.855,18.806,18.426
22/02/2018,18.711,17.855,18.806,18.711
22/02/2018,18.806,18.045,18.711,18.711
22/02/2018,18.901,18.331,18.521,18.806
22/02/2018,18.996,18.331,18.426,18.711
22/02/2018,18.806,18.331,18.426,18.711
22/02/2018,18.996,18.426,18.616,18.711
22/02/2018,19.377,18.521,19.567,19.092
22/02/2018,19.662,18.616,19.758,19.567
22/02/2018,19.853,18.616,20.043,19.758
22/02/2018,20.329,18.996,20.138,20.234
22/02/2018,20.996,19.092,20.329,20.329
22/02/2018,21.282,19.282,20.424,20.234
22/02/2018,21.378,19.187,22.621,20.424
22/02/2018,21.473,19.187,23.1,21.187
22/02/2018,21.473,19.662,21.951,21.378
22/02/2018,21.378,19.282,21.091,21.091
22/02/2018,20.996,18.901,19.948,20.805
22/02/2018,20.043,19.092,19.377,20.901
22/02/2018,19.092,19.187,19.187,20.805
22/02/2018,19.187,18.901,18.996,20.615
22/02/2018,19.377,18.901,19.377,20.424
23/02/2018,18.901,18.711,19.092,20.138
23/02/2018,18.806,18.521,18.426,19.662
23/02/2018,18.426,18.331,18.236,18.711
23/02/2018,18.426,18.426,18.331,18.426
23/02/2018,18.331,18.236,18.426,18.14
23/02/2018,18.236,18.045,18.331,18.236
23/02/2018,18.236,18.14,18.331,18.236
23/02/2018,18.14,18.14,18.236,18.236
23/02/2018,18.236,18.14,18.236,18.14
23/02/2018,18.14,18.14,18.14,18.045
23/02/2018,18.14,17.95,18.045,17.76
23/02/2018,18.236,17.95,17.95,17.76
23/02/2018,18.711,17.76,18.045,17.665
23/02/2018,18.806,17.855,18.14,17.189
23/02/2018,18.521,18.045,18.045,16.713
23/02/2018,18.331,18.045,18.045,16.903
23/02/2018,18.236,18.045,18.14,17.475
23/02/2018,18.236,18.045,18.14,18.045
23/02/2018,18.236,18.045,18.14,18.331
23/02/2018,18.426,18.236,18.236,18.521
23/02/2018,18.521,18.331,18.331,18.711
23/02/2018,18.711,18.806,18.331,19.092
23/02/2018,18.806,18.806,18.521,19.567
23/02/2018,18.996,18.616,18.616,19.948
23/02/2018,19.092,18.521,18.521,19.662
23/02/2018,19.282,18.521,18.521,19.758
23/02/2018,19.853,18.521,18.521,19.758
23/02/2018,19.472,18.711,18.616,19.853
23/02/2018,18.901,18.426,18.616,19.567
23/02/2018,18.901,18.426,18.521,19.092
23/02/2018,18.901,18.331,18.521,18.711
23/02/2018,18.711,18.426,18.521,18.616
23/02/2018,18.901,18.426,18.521,18.711
23/02/2018,18.901,18.426,18.521,18.711
23/02/2018,19.092,18.521,18.616,18.711
23/02/2018,19.187,18.521,18.711,18.711
23/02/2018,19.092,18.521,18.711,18.806
23/02/2018,18.901,18.521,18.806,18.996
23/02/2018,19.092,18.616,18.711,18.996
23/02/2018,19.092,18.616,19.092,19.092
23/02/2018,19.187,18.711,18.996,19.282
23/02/2018,19.187,18.711,18.901,19.472
23/02/2018,19.187,18.806,18.901,19.567
23/02/2018,19.187,18.616,18.806,19.758
23/02/2018,19.187,18.711,18.711,19.758
23/02/2018,19.282,18.616,18.711,19.758
23/02/2018,19.282,18.521,18.711,19.662
23/02/2018,19.377,18.521,18.711,19.282
24/02/2018,19.282,18.616,18.616,18.996
24/02/2018,18.901,18.616,18.616,18.901
24/02/2018,18.711,18.521,18.616,18.806
24/02/2018,18.616,18.521,18.711,18.806
24/02/2018,18.616,18.521,18.711,18.806
24/02/2018,18.521,18.521,18.711,18.806
24/02/2018,18.521,18.521,18.616,18.806
24/02/2018,18.616,18.521,18.711,18.806
24/02/2018,18.521,18.521,18.616,18.806
24/02/2018,18.521,18.521,18.616,18.806
24/02/2018,18.521,18.521,18.616,18.711
24/02/2018,18.521,18.521,18.616,18.806
24/02/2018,18.521,18.521,18.616,18.711
24/02/2018,18.616,18.521,18.616,18.711
24/02/2018,18.711,18.426,18.711,18.711
24/02/2018,18.711,18.521,18.711,18.806
24/02/2018,18.711,18.616,18.806,18.901
24/02/2018,18.711,18.711,19.567,18.996
24/02/2018,18.711,18.806,18.901,19.187
24/02/2018,18.711,18.806,19.567,19.092
24/02/2018,18.711,19.092,19.662,19.092
24/02/2018,18.711,19.092,19.567,19.092
24/02/2018,18.711,19.092,19.187,19.092
24/02/2018,18.711,19.092,18.901,19.092
24/02/2018,18.806,18.996,18.996,19.187
24/02/2018,18.901,18.996,19.187,19.187
24/02/2018,18.806,18.901,19.282,19.187
24/02/2018,18.901,18.806,19.092,19.187
24/02/2018,19.092,18.996,19.377,19.282
24/02/2018,19.187,18.996,19.282,19.472
24/02/2018,19.187,18.901,19.092,19.377
24/02/2018,19.472,19.187,19.092,19.377
24/02/2018,19.662,19.187,19.282,19.472
24/02/2018,19.853,19.567,19.377,19.472
24/02/2018,19.853,19.758,19.187,19.472
24/02/2018,19.948,19.377,19.187,19.567
24/02/2018,19.948,19.187,19.187,19.567
24/02/2018,19.282,18.901,19.758,19.472
24/02/2018,19.662,18.901,19.948,19.472
24/02/2018,19.377,19.567,19.662,19.853
24/02/2018,19.092,19.377,19.472,19.853
24/02/2018,18.806,19.377,19.377,19.377
24/02/2018,18.616,19.377,19.187,19.567
24/02/2018,18.521,19.187,18.996,19.282
24/02/2018,18.331,18.806,18.806,18.806
24/02/2018,18.236,18.806,18.711,18.521
24/02/2018,18.045,18.711,18.616,18.331
24/02/2018,17.95,18.711,18.616,18.14
25/02/2018,17.76,18.806,18.521,18.045
25/02/2018,17.76,18.711,18.616,18.521
25/02/2018,17.665,18.616,18.616,18.521
25/02/2018,17.665,18.521,18.616,18.521
25/02/2018,18.045,18.521,18.616,18.521
25/02/2018,18.236,18.331,18.616,18.521
25/02/2018,18.236,18.236,18.521,18.521
25/02/2018,18.236,18.236,18.426,18.521
25/02/2018,18.236,18.236,18.331,18.521
25/02/2018,18.14,18.236,18.331,18.331
25/02/2018,18.14,18.236,18.331,18.236
25/02/2018,17.665,18.14,18.14,18.236
25/02/2018,17.665,17.855,18.14,17.95
25/02/2018,17.475,17.76,17.95,17.76
25/02/2018,17.189,17.95,17.475,17.57
25/02/2018,17.379,17.855,16.999,16.523
25/02/2018,17.76,17.76,16.618,15.664
25/02/2018,17.855,17.57,16.618,15.855
25/02/2018,17.95,17.57,16.903,16.427
25/02/2018,17.855,17.475,16.046,16.523
25/02/2018,17.855,17.284,16.237,16.618
25/02/2018,17.95,17.284,17.855,16.332
25/02/2018,18.14,17.475,16.618,16.332
25/02/2018,18.236,17.57,16.713,16.523
25/02/2018,18.521,17.95,17.189,17.094
25/02/2018,18.616,17.855,18.14,18.045
25/02/2018,18.806,18.14,18.711,19.187
25/02/2018,18.901,18.14,18.331,20.234
25/02/2018,18.996,18.236,17.665,20.138
25/02/2018,18.996,18.331,17.475,18.996
25/02/2018,19.187,18.521,17.094,18.616
25/02/2018,19.472,18.426,17.094,18.331
25/02/2018,18.901,18.331,17.379,18.045
25/02/2018,18.806,18.236,17.379,17.379
25/02/2018,18.711,18.236,17.475,17.76
25/02/2018,18.521,18.14,17.855,17.094
25/02/2018,18.426,18.14,17.95,17.284
25/02/2018,18.236,18.045,17.95,17.855
25/02/2018,18.14,18.045,17.95,17.76
25/02/2018,17.95,17.95,17.76,17.76
25/02/2018,17.95,17.855,17.475,17.475
25/02/2018,17.855,17.855,17.094,16.999
25/02/2018,17.76,17.95,16.903,16.523
25/02/2018,17.76,17.855,16.713,16.332
25/02/2018,17.76,17.76,17.094,16.427
25/02/2018,17.665,17.665,17.665,16.427
25/02/2018,17.665,17.665,17.665,16.237
25/02/2018,17.57,17.284,17.57,16.237
26/02/2018,17.475,17.189,17.665,16.332
26/02/2018,17.379,17.76,17.475,15.951
26/02/2018,17.189,17.76,17.475,16.332
26/02/2018,16.999,17.95,17.57,16.618
26/02/2018,17.475,17.95,17.665,16.618
26/02/2018,17.475,17.855,17.57,16.808
26/02/2018,17.665,17.475,17.57,16.999
26/02/2018,17.57,17.475,17.57,17.189
26/02/2018,17.57,17.475,17.57,17.379
26/02/2018,17.57,17.57,17.57,17.379
26/02/2018,17.57,17.57,17.76,17.57
26/02/2018,17.57,17.57,17.665,17.475
26/02/2018,17.475,17.57,17.665,17.379
26/02/2018,17.379,17.57,17.665,17.284
26/02/2018,17.284,17.57,17.57,17.094
26/02/2018,17.189,17.379,17.475,16.808
26/02/2018,17.284,17.379,17.57,16.618
26/02/2018,17.189,16.999,17.57,15.76
26/02/2018,17.284,17.284,17.665,14.709
26/02/2018,17.094,17.284,17.76,14.613
26/02/2018,17.189,17.57,17.855,15.473
26/02/2018,17.76,17.855,17.95,16.713
26/02/2018,18.14,18.236,18.045,17.76
26/02/2018,18.521,18.711,18.045,19.187
26/02/2018,19.092,19.377,18.045,21.187
26/02/2018,19.567,20.424,19.662,23.1
26/02/2018,19.758,21.378,20.805,25.416
26/02/2018,20.234,21.76,23.004,26.977
26/02/2018,20.71,23.677,25.125,27.961
26/02/2018,21.091,21.76,25.125,28.655
26/02/2018,21.378,20.138,23.1,28.357
26/02/2018,22.238,21.187,22.429,27.862
26/02/2018,22.812,19.472,22.333,25.513
26/02/2018,23.773,19.092,20.901,24.351
26/02/2018,20.519,18.711,20.329,22.621
26/02/2018,19.282,18.521,19.853,21.664
26/02/2018,19.092,18.616,19.472,20.615
26/02/2018,18.806,18.521,19.377,19.567
26/02/2018,18.901,18.616,19.187,19.092
26/02/2018,18.806,18.426,18.711,18.711
26/02/2018,18.711,18.331,18.236,18.711
26/02/2018,18.711,18.331,18.331,18.616
26/02/2018,18.616,18.236,18.236,18.426
26/02/2018,18.616,18.14,18.236,18.426
26/02/2018,18.426,18.14,18.236,18.331
26/02/2018,18.331,18.14,18.331,18.14
26/02/2018,18.616,17.95,18.331,18.236
26/02/2018,19.092,18.236,18.236,18.236
27/02/2018,19.377,18.236,18.14,18.521
27/02/2018,19.187,18.14,18.236,18.045
27/02/2018,19.092,18.14,18.236,17.76
27/02/2018,18.426,18.14,18.236,17.855
27/02/2018,18.045,18.14,18.14,17.855
27/02/2018,17.76,18.045,18.14,17.95
27/02/2018,17.855,18.14,18.14,17.855
27/02/2018,17.95,18.14,18.14,18.14
27/02/2018,17.95,18.14,18.14,18.236
27/02/2018,17.95,18.14,18.236,18.14
27/02/2018,17.95,18.14,18.236,18.236
27/02/2018,17.95,18.14,18.331,18.14
27/02/2018,17.95,18.14,18.236,18.14
27/02/2018,17.95,18.14,18.236,18.14
27/02/2018,17.95,18.236,18.236,18.14
27/02/2018,17.95,18.236,18.236,18.14
27/02/2018,17.855,18.236,18.236,18.045
27/02/2018,17.855,18.236,18.14,17.855
27/02/2018,17.95,18.236,18.236,17.76
27/02/2018,17.95,18.14,17.855,17.379
27/02/2018,18.14,18.236,17.95,16.808
27/02/2018,18.236,18.426,18.426,16.999
27/02/2018,18.806,18.426,18.616,17.855
27/02/2018,19.092,18.711,18.331,18.806
27/02/2018,19.187,18.616,18.711,19.472
27/02/2018,19.377,19.567,18.996,20.805
27/02/2018,19.853,20.329,19.758,21.76
27/02/2018,20.234,21.187,20.519,23.004
27/02/2018,20.615,20.901,21.378,24.158
27/02/2018,20.901,19.187,21.951,25.125
27/02/2018,21.282,18.996,22.429,24.931
27/02/2018,21.187,19.377,22.046,23.869
27/02/2018,21.091,18.806,20.996,23.388
27/02/2018,21.187,19.662,21.187,23.1
27/02/2018,21.091,19.092,21.378,23.004
27/02/2018,21.473,19.092,19.567,21.187
27/02/2018,19.948,18.901,19.187,20.901
27/02/2018,19.472,18.996,19.282,20.805
27/02/2018,19.662,18.711,18.996,19.948
27/02/2018,19.282,18.711,18.806,19.662
27/02/2018,19.187,18.711,18.806,19.187
27/02/2018,19.187,18.711,18.806,18.901
27/02/2018,19.187,18.616,18.901,18.806
27/02/2018,18.996,18.711,18.901,18.806
27/02/2018,18.616,18.616,18.616,18.711
27/02/2018,18.521,18.521,18.996,18.711
27/02/2018,18.521,18.521,18.616,18.426
27/02/2018,18.616,18.426,18.806,18.426
28/02/2018,18.426,18.426,18.711,18.236
28/02/2018,18.616,18.426,18.806,18.14
28/02/2018,18.616,18.521,18.711,17.95
28/02/2018,18.616,18.521,18.616,17.95
28/02/2018,18.426,18.521,18.521,18.236
28/02/2018,18.331,18.521,18.521,18.331
28/02/2018,18.14,18.521,18.521,18.331
28/02/2018,18.14,18.521,18.521,18.426
28/02/2018,18.045,18.616,18.521,18.426
28/02/2018,18.14,18.616,18.426,18.331
28/02/2018,18.14,18.521,18.711,18.236
28/02/2018,18.331,18.521,18.806,18.331
28/02/2018,18.331,18.426,18.711,18.521
28/02/2018,18.331,18.426,18.616,18.616
28/02/2018,18.521,18.616,18.521,18.711
28/02/2018,18.616,18.616,18.521,18.616
28/02/2018,18.616,18.616,18.616,18.616
28/02/2018,18.521,18.521,18.711,18.616
28/02/2018,18.426,18.616,18.616,18.616
28/02/2018,18.521,18.711,18.711,18.711
28/02/2018,18.616,18.711,18.806,18.806
28/02/2018,18.901,18.996,18.996,18.996
28/02/2018,18.996,19.187,19.282,18.901
28/02/2018,19.187,19.377,19.187,19.187
28/02/2018,19.282,19.472,19.187,19.187
28/02/2018,19.282,19.472,19.187,19.758
28/02/2018,19.282,19.377,19.092,19.853
28/02/2018,19.282,19.567,19.662,19.758
28/02/2018,19.282,19.662,19.472,19.948
28/02/2018,19.282,19.758,20.043,20.043
28/02/2018,19.282,19.948,20.043,20.138
28/02/2018,19.472,20.615,20.234,20.329
28/02/2018,19.567,21.187,20.424,20.805
28/02/2018,19.662,19.282,20.043,21.091
28/02/2018,19.758,19.092,19.472,20.329
28/02/2018,19.853,19.092,19.662,20.138
28/02/2018,19.472,18.806,19.472,19.662
28/02/2018,19.377,18.806,19.567,19.472
28/02/2018,18.901,18.806,18.901,19.377
28/02/2018,18.806,18.711,19.092,19.567
28/02/2018,18.616,18.711,18.426,19.187
28/02/2018,18.806,18.616,18.521,18.996
28/02/2018,18.806,18.711,18.616,18.901
28/02/2018,18.806,18.616,18.426,18.901
28/02/2018,18.806,18.711,18.616,18.901
28/02/2018,18.711,18.616,18.521,18.521
28/02/2018,18.616,18.616,18.14,17.95
28/02/2018,18.521,18.521,18.14,18.236
